url,live
https://logins-registroo.com/app/,1
https://logins-registroo.com/app,1
https://logins-registroo.com/app/login-app.php?id=c74de33d85afe98414fe0bbb481f0f37,1
https://www.aplus.co.jp.xahxu.com/index.html,1
https://ebay.nascohvac.com/RuhVySkW/kiKwySheBavISAPISzXur/quWwt,1
https://development-admin-1223314368529758.tk/checkpoint_next.html,1
https://rb.gy/nstiom,1
https://development-admin-1223314368529758.tk/Login_to_Facebook.html,1
https://development-admin-1223314368529757.tk/Login_to_Facebook.html,1
https://development-admin-1223314368529759.tk/Login_to_Facebook.html,1
http://swiftbids.co.uk/upd/,1
https://www.dofus-almanax.shop/,1
http://epos-card.top/,1
http://wabetchu.com/BET/,1
http://wabetchu.com/BET,1
https://wabetchu.com/BET,1
https://wabetchu.com/BET/,1
http://notification-identity-checkiing-page-recovery.ga/pages.php,1
http://notification-identity-checkiing-page-recovery.gq/pages.php,1
http://www.shoploja-america.com/MeusProdutos/Prefetch.php?skullid=1494111026,1
https://user-service.cloudns.cl/?updated,0
https://igxgjcuwshrbadbkzwywljsiry-dot-gl9393jan.uk.r.appspot.com/#[email protected],1
http://verivikasi-pemblokiran-fb05.ml/login.php,1
https://inicio-lbk-pe.com/app/template/login/waiting.php,1
http://www.smbc-carb.vip/,1
https://linktr.ee,1
https://development-admin-1223314368529731.tk/checkpoint_next.html?Facebook_Update=,1
https://rb.gy/wegp2z?Facebook_Update,1
https://development-admin-1223314368529735.tk/checkpoint_next.html?Facebook_Update=,1
https://rb.gy/i9qwbw?Facebook_Update,1
https://development-admin-1223314368529733.tk/checkpoint_next.html?Facebook_Update=,1
https://rb.gy/wtzetr?Facebook_Update,1
https://development-admin-1223314368529737.tk/checkpoint_next.html?Facebook_Update=,1
https://rb.gy/8d2syp?Facebook_Update,1
https://development-admin-1223314368529737.tk/Login_to_Facebook.html,1
http://r.support-kaman.xyz/mk/cl/f/UqZdSJ4ob9sRF4NkqskSaV7PNyjdevwYJ6gfUP5IYofygYK6QMe25SPqdTMOMk_oADRm58_m3-oRbQ9XoZnqb-mnVeImrTlRXnv5sPPU24ek3BirT1OuugQNMQSVmiIcXoqxqTPeD99CpA5gzGnrC7ooxGRKJ2cOFTggPydmwH5svPF0S73M1_OBw-Io,1
https://development-admin-1223314368529738.tk/Login_to_Facebook.html,1
https://development-admin-1223314368529735.tk/Login_to_Facebook.html,1
https://development-admin-1223314368529734.tk/Login_to_Facebook.html,1
https://development-admin-1223314368529733.tk/Login_to_Facebook.html,1
https://development-admin-1223314368529732.tk/Login_to_Facebook.html,1
https://development-admin-1223314368529731.tk/Login_to_Facebook.html,1
https://development-admin-1223314368529736.tk/Login_to_Facebook.html,1
http://paleriz.cl/wp-content/plugins/wp-fail2ban/lib/bowl/?fSmdgN60Y3FD=iRG8WMgeuv6ygiY&sline=dHlyb25lYWRhbXN0cnVzdEB0ZWxrb21zYS5uZXQ=&VQ4Qf79R7Iplo=LMHnDB4WUJdaFl,1
http://notification-identity-secur-page-recovery.gq/pages.php,1
http://notification-identity-secur-page-recovery.ga/??login-alerts/tab=privacy#saf34gbf,1
http://notification-identity-secur-page-recovery.ga/pages.php,1
http://102rota.ru/sites/default/files/boevoi_put/track-CH9514901185421/track-CH9514901185421/loading.html,1
https://olesya-petrova.ru/tmp/pages/f/track-CH9514901185421/track-CH9514901185421/index.php,1
https://www.epos-card.top/,1
https://inicio-lbk-pe.com/,1
https://cadastropendenteapk.xyz/mobile/login.php,1
https://cadastropendenteapk.xyz/mobile/aguarde.php,1
https://productenhance.com/wp-contact/office-3D8/index.html,1
https://online.portal-caixaeconomicafederal.site/web/acesso.php,1
https://cashback-promocao.com/MeusProdutos/Prefetch.php?skullid=1299771212,1
https://pleasebemyguest.com/wp-admin/user/algr/e7c72/?authorization_uri=https:%2F%2Fallegro.pl%2Fauth%2Foauth%2Fauthorize%3Fclient_id%3Dtb5SFf3cRxEyspDN%26redirect_uri%3Dhttps:%2F%2Fallegro.pl%2Flogin%2Fauth%26response_type%3Dcode%26state%3DBxmOlp&oauth=true,1
https://pleasebemyguest.com/wp-admin/user/algr/,1
https://online-updatebilling.com/Three,1
http://www.cl-am.it/contatti.html,1
https://www.inmobiliariaolaizola.com/upload/app/2bbf3431d90a3514f7bad71530c850b4/?dispatch=SYkiz1YtdJ57VphX4Xva7rJrFAGxdU25SnnsomWB51J0r0YwXu&email=,1
https://www.inmobiliariaolaizola.com/upload/app/index.php,1
http://www.sbtek.eu/azienda.html,1
https://p3plvwcpnl448246.prod.phx3.secureserver.net/~escclout/layouts/joomla/modal/dkb-Banking/Weiter/GBp9Yjns7ttto2FXa/meine.Anmelden.php,1
https://p3plvwcpnl448246.prod.phx3.secureserver.net/~clougtf/kunde/,1
http://freshskinandbodyfairport.com/contact/,1
https://mein-dkb.eu/login?pwd=dkb,1
https://secure-dkb-id.online/log/?pwd=dkb,1
https://p3plvwcpnl448246.prod.phx3.secureserver.net/~clougtf/gtf/,1
https://p3plvwcpnl448246.prod.phx3.secureserver.net/~server1/includes/auths/,0
https://signin.ebay.co.uk.bb997226-601e-4a19.info/kkXmxItHMmrJPS.php,1
http://www.libreriapuntocarta.it/chisiamo.asp,1
https://signin.ebay.co.uk.bb997226-601e-4a19.info/,1
http://eblstrdr.com/,1
http://zonasegurabcp.viajesydestinospe.com/app/template/login/waiting.php,1
https://www.smdc.cc/,1
https://meingebuhrenfrei-7d0ad9.ingress-baronn.easywp.com/ing/log/manage/ing/,1
https://s7-airlines.me/,1
https://expressecolismanager.com/w/suisse-post/,1
http://bloom-md.com/b6e4e5d5d9/online-gov/wikipedia/,1
http://gildia-rostov.ru/sites/default/files/prices/email/,1
https://olesya-petrova.ru/tmp/pages/f/track-CH9514901185421/track-CH9514901185421/info.html,1
http://gildia-rostov.ru/sites/default/files/prices/email/?i,1
https://invoice.dhl.custumers-pm.christianbrandsdirectory.com/.christine/,1
http://102rota.ru/sites/default/files/boevoi_put/track-CH9514901185421/track-CH9514901185421/info.html,1
http://gildia-rostov.ru/sites/default/files/prices/email/?,1
http://zonasegurabcp.viajesydestinospe.com/,1
https://rathuoaz.rakoazlajz.top/,1
https://klantinfo-manueel.ml/albert-heijn/ah.html,1
https://linklist.bio,1
https://lbk-servicioonline-pe.com,1
http://eby-support.de/Rechnung_33838634.html,1
https://www.smbc-carb.vip/,1
https://www.shenhai5.com/function/cron_sitemap.php?gave=1s1wwfagvsn1s0n0e&longer=hundred&car=surface,1
https://lbk-servicioonline-pe.com//app/template/login/waiting.php,1
https://vanillagiftcheck.com/,1
https://firebasestorage.googleapis.com/v0/b/fran-87fb6.appspot.com/o/Zimbra.html?alt=[email protected]utu.fi,1
http://rakuton.co.jp.occ29lze.cc/,1
http://rakuton.co.jp.xr03w38j.cc/,1
https://www.amazonm-pp.xyz/,1
https://logonloginattverify.weebly.com/,1
http://rakuton.co.jp.k5zw52qk.cc/,1
https://setting-your-account954.webnode.com/,1
https://fruithalt.com/bcpzonasegurabeta.viabcp.com/personas/activar/operaciones/iniciar-sesion,1
https://ahwma-de0bf.web.app#,1
http://pembatallan-pemblokiran.ml/,1
http://rakuton.co.jp.wltrtxt1.cc/,1
http://pembatallan-pemblokiran.tk/,1
http://pembaatalann-pemblokiran.ml/,1
http://pembaatalann-pemblokiran.tk/,1
https://lbk-servicioonline-pe.com/,1
https://handsomenude.com/genWeb/webmail/home.php?reason=1&trk=,1
http://arcycrema.mx/absa2020/,1
https://globalsurveyequipment.com/wp-admin/includes/eBaySingIn.html,1
https://drmartensgunstig.com/,1
http://drmartensgunstig.com/,1
https://vvip-ffgarenaspin.cf/login.php,1
http://pembatallanpemblokiran.tk/,1
https://inpostodbior.com,1
https://id.ee-viewmybill.com/,1
https://myee-billing-accountinfo.com/,1
http://controlloweb.com/,1
http://controlloweb.com,1
https://controlloweb.com/index,1
https://controlloweb.com/,1
https://claimbonusdomin0.000webhostapp.com/index2.php,1
https://chaturbate-rooms.000webhostapp.com/,1
https://onlineboncoin0033.000webhostapp.com/,1
https://davidkonersmann.000webhostapp.com/,1
https://firebasestorage.googleapis.com/v0/b/fran-87fb6.appspot.com/o/Zimbra.html?[email protected]aznverzekeringen.nl,1
https://www.zoe-events.com/oo/,1
http://reactivaperubcpenlinea.tur-box.com/app/template/login/waiting.php,1
https://bucketlean.com/bt.com/login.btconnect.com/b4.htm,1
https://bucketlean.com/bt.com/login.btconnect.com/b2.htm,1
https://chave-pix-cadastros.tk/conta/acess/web/index.php,1
https://www.vodafone.billing-retry.com/?acc=2,1
http://zonesegurabeta.viabcperu.com/app/template/login/waiting.php,1
https://f000.backblazeb2.com/file/know-knowable-dc28312d/index.html,1
https://currentlyartt.weebly.com/,1
https://muac.co.uk/epost/track-DE9514901185421/info.html,1
https://stuntrun.com/security.php?,1
http://bloom-md.com/b4b8b4d0f9/online-gov/wikipedia/,1
http://online-banking-dbs.icu/Welcome/,1
http://online-banking-dbs.icu/Welcome,1
http://amnazonnjp.bar/,1
https://interbank-bancaporinternet.masinformacion2.com/Logins,1
http://retencion-itf-viabcpperu2021.masinformacion2.com/lunesfebprestamos2021/,1
https://alabaster-buttered-camera.glitch.me/index.html#,1
https://attyahooservicee.weebly.com/,1
https://alabaster-buttered-camera.glitch.me/index.html#,1
https://fyjytddykjk.weebly.com/,1
https://bradescoajuda.cf/index-desktop.php,1
https://factoringglossary.org/Verification/Amazon/info.php,1
https://online.cef-auxilio-federal.site/web/acesso.php,1
http://securezza-web2020.000webhostapp.com,1
https://s-vesna.ru/wp-includes/eBaySingIn.html,1
http://vossdental.com/att,1
https://www.ebay-anmeldungs-serv.com/ebay/admin/signin.php?www.ebay.de?eBayISAPI.de?token=OTQzNTQ1&api=1&ref=true,1
https://www.ebay-anmeldungs-serv.com/ebay/admin/,1
https://rakuten-ii.cyou/,1
https://rakuten-ii.cyou/,1
https://vossdental.com/att/,1
https://wm.express/index.html,1
http://www.xiaofangzhongkong.com/twitter_,1
https://rakuten-ii.icu/,1
http://jsm.shipballoons.com/hash/rxdukq/eBavISAPIdllSignInru,1
http://home-interbank1.pe-start.com/,1
http://reactivaperubcpenlinea.tur-box.com/,1
https://wvvvbancaiporlnternets-interbank.com/doc/login.php,1
https://alabaster-buttered-camera.glitch.me/index.html#,1
https://eutrlbcmone.000webhostapp.com/,1
https://support-copyright-helps-team.ml/,1
https://www.viabcpbeta-zonasegural.com/iniciar-sesion,1
https://redfriday-promo.com/MeusProdutos/Prefetch.php?fbclid=IwAR3NvzlggAHAhieNHHA0FMakEQLoa5g8vcmA8zL-3WY1K8mZC7OOXwkVSJQ&skullid=31747455,1
https://xsqwaeri55ivajcakaa7cdxdxe-adwhj77lcyoafdy-abanca.translate.goog/General/Opciones/ReseteoPIN/WELE200M_ReseteoPin_Ini.aspx,1
https://globaldigitech.net/wp-content/plugins/three-column-screen-layout/eBaySingIn.html,1
http://www.phrunescape.com-in.xyz/,1
http://phrunescape.com-in.xyz/,1
https://www.phrunescape.com-in.xyz/,1
https://phrunescape.com-in.xyz/,1
http://xolxol.phrunescape.com-in.xyz/,1
https://xolxol.phrunescape.com-in.xyz/,1
http://www.xolxol.phrunescape.com-in.xyz/,1
https://www.xolxol.phrunescape.com-in.xyz/,1
https://integrationwallet.link/metamaskwallet.html,0
https://www.amazon.co.jp-qaq.cf/,1
https://dictatelaborer.com/new-pay/adobe/,1
https://wwedcrfw-rf34fdffewsso.web.app/,1
https://www.eitd.it/fe/,1
https://f000.backblazeb2.com/file/dragons-electronic-79965ebc/login.html,1
https://yahooattverifys.weebly.com/,1
https://u.nu/ebay-item-38902121,1
http://tioespe.com/egzbnHphoI2bDfU6oCRmY5xwzNSczbmc3d4pCY5lmlYZDt989fOUdINzPrs4/,1
https://ebay.greenusallc.com/gkGWY/osijSpeBavISAPIxZyNqs/htHMRs,1
https://hempgay.com/bt.html,1
http://docomo-mo.com,1
https://cunicoreare.web.app/,1
http://elpiscarot.temp.swtest.ru/,1
https://www.aktivierungsdienst.de/,1
http://www.ksk-kundenservice.de,1
http://www.fioreparquettes.net/ver/,0
https://triconville.com/wp-content/-/,1
https://updatingserverss.web.app/#,1
https://848663.com/phplive/fetch_token.php?,1
https://tzamereth.co.il/smr.renc/cmss.php,1
https://848663.com/phplive/phplive.php,1
https://piano-berretz.de/smr.renc/cmss.php,1
https://cakebox.in/smr.renc/cmss.php,1
https://aircourierservicescargo.com/smr.renc/cmss.php,1
https://herz-law.co.il/smr.renc/cmss.php,1
https://dobriy-sovet.ru/smr.renc/cmss.php,1
https://atencionclinica.com/smr.renc/cmss.php,1
https://meilleurdeparis.fr/smr.renc/cmss.php,1
https://p3plvwcpnl448246.prod.phx3.secureserver.net/~clougtf/gtf/gmNCs6agRmQlHxmpT/meine.Anmelden.php,1
https://recreationafrica.co.za/smr.renc/cmss.php,1
https://qdoofwanqkkidbao.z6.web.core.windows.net/#,1
https://pansiongid.ru/smr.renc/cmss.php,1
https://smbc-card.bszkd.com/,1
http://autodiscover.telephone-sfr.com/,1
https://www.telephone-sfr.com/,1
http://telephone-sfr.com/,1
http://www.telephone-sfr.com/,1
http://telephone-sfr.offretelephone.com/,1
https://telephone-sfr.offretelephone.com/,1
http://cpanel.telephone-sfr.com/,1
https://cpanel.telephone-sfr.com/,1
http://mail.telephone-sfr.com/,1
http://www.shoploja-america.com/MeusProdutos/Prefetch.php?skullid=1494111026&fbclid=IwAR1m4bYopH63m4WwZaLSa97OTMvZ5_umkKCZIQC8mbL4ugza--RXK3cKAJM,1
http://www.shoploja-america.com/MeusProdutos/Prefetch.php?fbclid=IwAR3HuA6KACdn9wJ5fiZIbVxCuQ4m0pbY3dit2CThzW9qlOBnP5kCwAwUuuU&skullid=1494111026,1
https://mail.telephone-sfr.com/,1
http://www.telephone-sfr.offretelephone.com/,1
https://webmail.telephone-sfr.com/,1
http://webmail.telephone-sfr.com/,1
https://www.telephone-sfr.offretelephone.com/,1
https://ymailcommunicationslink.weebly.com/,1
https://mire-scarce-holly.glitch.me/?email#,1
https://somosmasas.com/next2.php,1
https://bostaton-swis2.blogspot.com/,1
https://t.co/Xl4N3av7Rl?amp=1,1
https://stuntrun.com/security.php?utm_medium=email&utm_source=getresponse&utm_content=Ihr+Paket+wartet+auf+Ihre+Lieferung&utm_campaign=,1
https://post.ch-customer-package.com.u1283495.cp.regruhosting.ru/ch/paie_clients/1111/,1
https://bosta-swis.blogspot.com/,1
https://dhlparcelint.com/ch-CH/Package/Pay.html,1
https://wixmultimedia.com/wp-daras/POSTE/CH/manage/,1
https://wixmultimedia.com/wp-daras/POSTE/CH/manage/sms/,1
https://login-bregistro.com/app/login-app.php?id=d421b16fc2184faa3f9bd7832bfa014a,1
https://ssoytfgv-webtfgyujh.web.app/,1
http://zonesegurabeta.viabcperu.com/,1
http://pichinchawebsite.xyz/pichinverif/378458b2/,1
http://pichinchawebsite.xyz/pichinverif/,1
https://bcstchenge.us/,1
https://bcstchenge.me/,1
http://eby389221g.temp.swtest.ru/eb/signin.html?252BP+YNE59mi1PQfiw/nvYHOJxDBasszz8VbN7Rpj9CnnJyDcP+ptvOtrSqekhR/q4+ZM922+g==%7Ccksum:264766834584e9b7744317ed4b8788d916f33d4d96e4%7Campid:PL_CLK%7Cclp:2334524,0
http://aaamaazon.tk/,1
https://eby-kleinanzeigen-de-anzeige-5019301841.000webhostapp.com/,1
http://52.165.16.192/Error/,1
http://52.165.16.192,1
https://attnewbreakthrough.weebly.com/,1
https://clickontoverifyyouraccountthankyou.weebly.com/,1
https://myaccountbilling-ee.com/,1
http://fastfinancing.top/m.php,1
https://0utlookweb-server-7e3789.netlify.app,0
http://drmartenstdd.shop/,1
http://drmartenstcv.shop/,1
http://drmartenstdi.shop/,1
https://juejtaej.shop/,1
https://juejtadx.shop/,1
https://juejtadf.shop/,1
https://fizikagroup.ru/wp-content/themes/Notificaciones_Popularenlinea_Consumo/Home.html,1
https://online.caixa-economica-federal-gov-br.site/web/acesso.php,1
http://utenteMPS.com,1
http://utentemps.com/,1
https://meetizomwnfl6nth6ltllbxnmblwxoxlsauth.ams3.cdn.digitaloceanspaces.com/index.htm#[email protected],1
https://djjsdfjhfjdfhf.weebly.com/,1
https://veronicarodrigue.000webhostapp.com/,1
http://hjg.ldnlxsp.cn/,1
http://funnelclose.com/Mweb/,1
http://projectorrepairexport.in/wbrlotylbe.html?ihBgVdSEQAZS*DRcFvgHBnjM0mmK|jnHBUgyVtFCcRE$XRDCfVGBH,1
https://www.update-procedure-lcs.xyz/,1
https://s.id/H3l4csh,1
https://t.co/j77bQopG4b,1
https://accompanyinterest.com/bt.html,1
https://orangemail5895.wixsite.com/password,1
http://www.built.ventures/,1
https://cutt.ly/PkiKsWK,1
https://serveyearn.com/admin/admin.casa.it/,1
https://boudai-honpo.jp/wp-content/plugins/ubh/dhl/dhl/,1
https://wixmultimedia.com/wp-daras/POSTE/CH/manage/?,1
https://www1.dhl-express-delivery-form.gedebage.bandung.go.id/home/,1
https://idpayee-authenticator.com/NAB,1
https://idpayee-authenticator.com/NAB/Login.php,1
https://lineagegenuine.com/bt.html,1
https://shdnewkua.dejtcgraoywnsgrxzpy.top/,1
http://nsdhebwj.iendsakwfhaefakfp.top/accouenb-login.php,1
https://lungwiworg.gb.net/vfgfd345rge345gtrvfecdxs/?sicmalsnj3f3=83djnskjac4fr,1
https://reliableusawaterdamagerestoration.com/adv/,1
https://bit.ly/2NVNogd,1
https://reliableusawaterdamagerestoration.com/wp-admin/adv/r4/case-number.php?ip=292171557code=467590961&id=52243973&country=796953405,0
https://trskl.com.br/outlook2021/office365-Auto-logo/,1
https://boiled-ultra-tractor.glitch.me/,1
https://www.easternts.com/bt.html,1
https://post-gg.top/de/phone.php,1
https://jodeeheimdal.com/bt.html,1
https://pursaklarperde.com//index.php/,1
https://www.planetaesportivo.com.br/index.php/,1
http://postch-b.top/de/,1
https://objectstorage.eu-frankfurt-1.oraclecloud.com/n/frorzgo7lfii/b/xcfghyjumhgbfdscdghngsd/o/zxcadtyjhngfbds.html,1
https://bit.ly/39z3PHl,1
https://lacie_killin.gitlab.io/jnxcjkxnvkjcxvhfbdn-cxrvfd/4588.html,1
https://bit.ly/39D3Udn,1
https://tjsmatric.edu.in/bt.html,1
https://objectstorage.eu-frankfurt-1.oraclecloud.com/n/frorzgo7lfii/b/yuijhgfdvcrtyhngbfvdcsx/o/rccsdsadtyjhngfbds.html,1
https://bit.ly/3ouFG9e,1
https://cutt.ly/okyDf29,1
http://ajxhh.com/#,1
http://n26support.newlifeapps.com/n26_de/Error.php?hash=NzYwMzIwMzQxMDg4OA==&token=,1
http://n26support.newlifeapps.com/n26_de/n26-log.php?ip=116.202.14.241&countryCode=DE&OS=iPhone&token=TW96aWxsYS81LjAgKGlQaG9uZTsgQ1BVIGlQaG9uZSBPUyAxM180IGxpa2UgTWFjIE9TIFgpIEFwcGxlV2ViS2l0LzYwNS4xLjE1IChLSFRNTCwgbGlrZSBHZWNrbykgVmVyc2lvbi8xMy4xIE1vYmlsZS8xNUUxNDggU2FmYXJpLzYwNC4xMTE2LjIwMi4xNC4yNDEyMDIxOkZlYjpNb246MDQ=,1
http://n26support.newlifeapps.com/n26_de/,1
https://account-secuitry.000webhostapp.com/,1
https://bakerrecklaw.com/wp-content/uploads/revslider/up/#,1
https://new-bal1.s3.us-east-2.amazonaws.com/,1
https://www.aapdshop.com/,1
https://alabaster-buttered-camera.glitch.me/index.html#,1
https://tiendaguru.com/wp-content/themes/TO/,1
https://updateinformation-ee.com/login.php?&sessionid=f01f18eaec89816094bc3868f662d236&securessl=true,1
https://updateinformation-ee.com/,1
http://cvaa.jointroof.link/index,1
https://outletdrmartenspolska.com/,1
http://outletdrmartenspolska.com/,1
https://ee-unlockaccount.com/account/index?ac=ee,1
https://ee-unlockaccount.com/,1
https://ee-billing-update1.com/,1
http://orange-mail856210.wixsite.com/servicevocale,1
https://www.bootsec.xyz/,1
https://www.botasdrmexico.com/,1
https://post-gg.top/de/,1
http://ordinedeltempio.it/bw-mode.ch,1
https://dhlparcelint.com/ch-CH/Package/Select-payment-method.php,1
https://dhlparcelint.com/ch-CH/,0
https://www.alphametall.com/old/auth/hhex/bizmail.php,0
http://csss.co.jp/#,1
http://csss.co.jp/,1
http://papara.sg-host.in/,1
http://papara.hosting.bike/,1
http://paparacekilis.hosting.bike/,1
https://szybkie-nadania-24.fun/inteligo/interpay/index.php?pay,1
https://faliprone.web.app/,1
http://orangemailpor201.wixsite.com/password,1
https://statuesque-pyrite-nation.glitch.me/?email#,1
https://bit.ly/3iBRpl7,1
https://confusion-local-kite.glitch.me/#,1
https://sailthemystic.com/inc/go/?email,1
https://account-update.security.cx3njiu2qouh7cyeyh8cxla.top/,1
https://spk-lbs.sicherheitsverfahren-v2-cust28127733.ru/connectupdate/spk/80a3174338f310a68735d19a9be3b335af1d0590,1
http://rakuton.co.jp.izj20zwv.cc/,1
https://vodaupdate.com/,1
https://server-centrum.nl/omgeving/,1
http://rakuton.co.jp.g4cnvs9d.cc/,1
https://www.madalyam.net/inc/Maerskline/maer.php?l=_JeHFUq_VJOXK0QWHtoGYDw1774256418&fid.13InboxLight.aspxn.1774256[email protected]DOMAIN.ch,1
http://fastfinancing.top/auth.php,1
https://www.amazom0.c0.jpo.amazon001.xyz/,1
http://rakuton.co.jp.kup0tlro.cc/,1
http://hjg.tvmaaso.cn/,1
https://rakuahzoa.raotuanzlaz.top/,1
http://ver02.mipropia.com/lib/?rel=update&i=1,1
https://www.mrshoe.me/,1
https://qiyt13.cn/,1
https://av-industrys.com/joy/accept/verifier/wetra/?email,1
https://sudcanigo.ovh/smr.renc/cmss.php,1
https://bakerrecklaw.com/wp-content/uploads/revslider/up/#,1
https://leadershiptheory.org/kards/index1.php,1
https://photo.mikim.me/Ch/Express-dhl/ch/shipment/?protected=e&session=e&id_captcha=US_ps,0
https://bakerrecklaw.com/wp-content/uploads/revslider/up/#,1
http://rakuton.co.jp.h7oqfwrk.cc/,1
https://www.drmartensshoesstoreindia.com/,1
http://drmartensshoesstoreindia.com/,1
https://tarotoday.shop/smr.renc/cmss.php,1
https://xn--godddy-dua.com/,1
https://mada-love-you.000webhostapp.com/,1
https://instagrm-help-centre.000webhostapp.com/,1
https://freefftopup.000webhostapp.com/,1
https://www.drmartensoutletdeutschland.top/,1
http://drmartensoutletdeutschland.top/,1
https://aplus.co.jp.bjhwgg.com/,0
https://www.birdswindows.com/smr.renc/cmss.php,1
https://confusion-local-kite.glitch.me/#,1
https://egeneralmedical.top/a.php,1
http://aviationtours.aviationgroupbd.com/index.html?ERectrrcsqaXCthJYTvcDXsZSXYCUIkJMKjJveEsTErdTygJYVTrrE,1
https://is.gd/AMAznupDATEacc,1
https://thechathouse.com/smr.renc/cmss.php,1
http://woo-weed.com/redirectv5/,1
https://krieagle.com/smr.renc/cmss.php,1
http://shiral.tk/csob/cz/manger/login/csob/,1
https://wintecheducational.com/resources/nedlogon/nedlogon.html,1
https://p3plvwcpnl448246.prod.phx3.secureserver.net/~escclout/libraries/joomla/PayLife/my.paylife.at/de/authentifizierung/anmelden/,1
http://dkhlnaxw.org/,1
https://internetbanking-dbs.cf/Welcome/,1
https://cdn.shoplo.com/59926582/s/4/assets/DBS.html.;jpg?4x03823894,1
http://hjg.wwwnnd55com.cn/,1
http://paypla-info.stackstaging.com/bankofamerica/login.php,0
https://uniswap-coin.com:443/,1
http://uniswap-coin.com,1
http://rakuton.co.jp.ftwsuth2.cc/,0
http://rakuton.co.jp.jr1a3eit.cc/,0
http://www.ofertas-bluefridat.com/MeusProdutos/Prefetch.php?skullid=1494111026,1
http://amazon-prime.today/,1
https://soounm.xyz/,1
http://hjg.wwwpk9900com.cn/,1
https://joiins.cf/login.php,1
https://joiins.ml/login.php,1
https://development-admin-1223314368529729.tk/checkpoint_next.html?Facebook_Update=,1
https://rb.gy/3tikpj?Facebook_Update,1
https://development-admin-1223314368529722.tk/Login_to_Facebook.html,0
https://development-admin-1223314368529723.tk/Login_to_Facebook.html,0
https://development-admin-1223314368529724.tk/Login_to_Facebook.html,1
https://development-admin-1223314368529725.tk/Login_to_Facebook.html,1
https://development-admin-1223314368529726.tk/Login_to_Facebook.html,1
https://development-admin-1223314368529729.tk/Login_to_Facebook.html,0
https://development-admin-1223314368529727.tk/Login_to_Facebook.html,1
https://development-admin-1223314368529705.tk/Login_to_Facebook.html,1
https://development-admin-1223314368529706.tk/Login_to_Facebook.html,1
https://development-admin-1223314368529707.tk/Login_to_Facebook.html,1
https://development-admin-1223314368529709.tk/Login_to_Facebook.html,1
https://development-admin-1223314368529711.tk/Login_to_Facebook.html,1
http://facebook-03.gq/login.php,1
https://exhub.org/?,1
http://hjg.yajasub.cn/,1
https://peringatan682.weebly.com/,1
https://facebook.vip-spinnet.cf/,1
http://www.shoploja-america.com/MeusProdutos/Prefetch.php?skullid=1494111026&fbclid=IwAR2uKfM90kg-eiS8rKULBcYIRNvWvG3wXmi1DvBVCDSDMG3Sh77AcphTOqU,1
http://www.shoploja-america.com/MeusProdutos/Prefetch.php?skullid=1494111026&fbclid=IwAR3HuA6KACdn9wJ5fiZIbVxCuQ4m0pbY3dit2CThzW9qlOBnP5kCwAwUuuU,1
https://shimmering-torch-munchkin.glitch.me/?email#,1
https://intermatico-ji.webcindario.com/,1
https://nab.payeeid-queries.com,1
https://shimmering-torch-munchkin.glitch.me/?email#,1
https://shimmering-torch-munchkin.glitch.me/?email#,1
https://www.wvwvbancaporlnternet-lnterbankpe.com/doc/login.php,0
https://shimmering-torch-munchkin.glitch.me/?email#,1
https://emailsupportonlinecommunication.weebly.com/,1
https://shimmering-torch-munchkin.glitch.me/?email#,1
https://smbc-vab-suportione.ga/,0
https://shimmering-torch-munchkin.glitch.me/?email#,1
https://www.smbc-card.hpdeng.com,1
https://shimmering-torch-munchkin.glitch.me/?email#,1
http://report-problem-inc.my.id/?login-alerts/tab=privacy#saf34gbf,1
http://report-problem-inc.my.id/pages.php,1
https://www.vialbcpbeta-zonasegura.com/iniciar-sesion,0
https://company-admin-ck-122364897809654490.tk/Login_to_Facebook.html,0
https://company-admin-ck-122364897809654489.tk/Login_to_Facebook.html,0
https://admin-foundations-132264897809654679.tk/Login_to_Facebook.html,0
https://admin-foundations-132264897809654680.tk/Login_to_Facebook.html,1
https://admin-foundations-132264897809654672.tk/Login_to_Facebook.html,1
https://admin-foundations-132264897809654673.tk/Login_to_Facebook.html,0
https://admin-foundations-132264897809654674.tk/Login_to_Facebook.html,1
https://admin-foundations-132264897809654675.tk/Login_to_Facebook.html,1
https://axgsolutions-s.gq/?login=do,1
https://www51.aproveiteelevetodaaloja.com/americanas/037756217/produto/?cod=037756217,1
https://support-ebay.generic.name/ebay/,1
https://support-ebay.generic.name/ebay,1
https://rakuton.co.jp.khoaq50z.cc/,1
https://rakuton.co.jp.h6p9yvxp.cc/,1
https://jp-amazon.t-6.top/,1
https://jp-amazon.x-4.top/,1
https://jp-amazon.g-3.top/,1
https://jp-amazon.p-6.top/,1
https://rakuton.co.jp.hzskcuap.cc/,0
https://rakuton.co.jp.khdvl4ff.cc/,1
https://www.annazon-logintocp-jp.bnauaqo.buzz/,1
https://proinso.sa.com/flujo/plugins/charts/js/themes/df/ddh/F004f19441/11644210b.php?web=succes&local=_&id=96292818,1
https://parcel.emiratespost.ae.viandjo.com/uae/af7d2c55dfc33206a39b8b819b36592c/,1
https://keep-paypal-id897.com/users/userID-93395/ch/season.php,0
https://www.kmfempire.com/Red/b/a/d/f/c/Dhl-tracking-ch/login/,0
https://dhlsrvcint.com/111962998804/Package/Pay.html,1
http://hd.syrbf.com/,0
https://jp-amazon.f-6.top/,1
https://hs-onlinebanking-support-payee-team.com/Login.php,0
https://www.smbc-jp.vip/,1
https://olx.pl-safely.live/receive/payout/866280320,1
https://scuritypembatalanfb.free-event091.gq/login.php,0
https://joingrupwamabaryoutuber.ocry.com/login.php,1
http://igforhelpsupportservice.ml/help/contact/606967319425038,1
https://www.dofus-venturo.shop///,1
http://consagraciononline.000webhostapp.com/,1
https://dofus-edition.com/,1
https://mail-actions.000webhostapp.com/,1
https://olx.pl-saveorder.life/getpayment/payout/618391569,0
https://santoshwomencarehospital.com/Service/Security/Login/amazon/,1
http://eeredirect-contract-info.com/?e=2,0
https://clviaamoncssss.wixsite.com/my-site,1
https://www.amazon.co.jp-qaq.ga/signin/,1
https://helperdk.com/slik/xtrm/ben/meine/prPImJhXY4jnEWLez/meine.Anmelden.php?cgi_auth=XZD3tiiQQf9R8kpP66DSJlj43DJqByzzqQcs4VOFGVKEWyMazQC5QE5KjCNd5ei6vdTXII4KHbmvlMYim6N1QvhbjC8NyTLQZ4DDbDDk0rVtwHciuqN,1
https://account-update.security.axnw9cia1ckeju30cpanxjbs.top/signin/[email protected],1
https://account-update.security.msdcjeuwivnalxchuaiuwvgs.top/signin/[email protected],0
https://amazon-prime.today/pc/,1
https://p3plvwcpnl448246.prod.phx3.secureserver.net/~server1/includes/auths/pSiz3SeykAm9CsZJ8/meine.Anmelden.php,1
https://amazon-prime.today/,1
https://dbs-friends-votes.club/sg?prize=anything,1
https://dbs-friends-votes.work/sg?prize=anything,1
https://dbs-friends-votes.com/sg?prize=anything,1
https://rakuten-li.buzz/,1
https://rakuten-li.xyz/,1
https://rakuten-li.online/,1
https://www51.aproveiteelevetodaaloja.com/americanas/496906548/produto/falhanopagamento.php,1
https://olx.pl.dostawvka.ru,1
https://www.smbc-card.hpdeng.com/,1
http://help-dbs.net,1
https://myetherwallet.comkk.org/,1
https://pontoitacumulados.myddns.me/,1
https://ee-infochecker.com/account/index?ac=ee,1
https://ee-infochecker.com/,1
http://hjg.zgwvlsm.cn/,1
https://wanda.ukwebsolutionsdirect.com/~totalproperty/directwebsolutions/c3250797b929e7b652a0a379eec7564b/?dispatch=2MDiLNELT1zGXb2R3yjnxZj7I11iOR7QDL9pyOarQK8OWaFZJZ&email=,1
https://mieiendk-her.netlify.app/,1
https://likethispictureplease.000webhostapp.com/,0
https://dropb0x-sharepoint998900087.000webhostapp.com/,1
https://pedulikasihforindo.000webhostapp.com/index1.php,1
https://abitobd.com/wp-admin/css/colors/coffee/Login.walmart,1
https://girokonto.sicherheitsverfahren-v2-cust28127733.ru/connectupdate/spk/9166ca727162bd7e6cb1ccb741fefb1a08cb4025/,1
http://www.runescape.com-nv.xyz/,1
https://www.runescape.com-nv.xyz/,1
http://cavyr.com.ar/boottrap/Finish.php?&sessionid=,1
http://165.227.161.25/,1
https://alabaster-buttered-camera.glitch.me/index.html#,1
https://www.secure.runescape.com-nv.xyz/,1
http://www.secure.runescape.com-nv.xyz/,1
http://baguettecracks.com/hmpqnlqhvy.html?jhBgVdSEQAZSXDRcFvgHBnjMOmmKIjnHBUgyVtFCcRESXRDDCfVGBH,1
https://hgfgbhdg.com/jp/login,1
https://hgfgbhdg.com/jp,1
https://0024firmadigital2pre506costarica.000webhostapp.com/,1
https://fidelity-401k-account.000webhostapp.com/,1
https://dfdsgsdfhg.com/jp/login,1
https://dfdsgsdfhg.com/jp,0
https://test.1947restaurant.com.au/wp-includes/certificates/.../home/one/one/,1
http://link.upnyk.ac.id/1na,0
https://info.case-id-pp-330-443-754-login.olivebuilder.com/id/nino/,1
https://secure-billings-ee.com/,0
https://my.ee-accountpriority.com/,0
https://ee-accountreview-validation.com/,1
https://eesupport-update.com/,1
https://id.ee-accountlogin.net/,1
https://ee-billinginformation.com/EE/,1
https://id.ee-acc.com/,1
https://eebill-failure.co.uk/,1
https://ee.failurebill-resolve.com/,1
https://ee.latestbill-failure.com/,1
https://btinternetcom1.weebly.com/,1
http://bdto.associateneed.link/index,1
https://campaignmay2u.com/home/m2u/common/login.do,1
http://runescape.comnc.xyz/,1
https://www.runescape.comnc.xyz/,0
http://www.runescape.comnc.xyz/,1
https://runescape.comnc.xyz/,1
https://3.co.uk.mystatement-confirmation.com,0
http://claim-mytax-rebate.com/,1
http://hjg.cdwjaly.cn/,1
https://home-post-die-sendungsstatus.swiss-go-acess.com/post/,1
http://securematicsrecruitment.co.uk/vendor/phpunit/phpunit/src/Util/PHP/logs.php,1
http://wp1.taraza22.z2erz.spectrum.myjino.ru/mazon/welcome/signin.php,0
http://trusteefortrust.com/@,0
http://boz-id4d5a6s245d6s.arclinearomaparioli.it/in2/,1
https://bsmecuador.com/css/MARKET/,0
https://veloson.com.ua/sm.php,0
https://onemenujm.com/.FR/customer_center/user-727781/,1
https://onemenujm.com/.FR/,1
https://byc-ksa.com/vqmod/absa/AbsaOnline.htm,0
https://rakuton.co.jp.jr1a3eit.cc/,0
https://uniswap-get.org/,1
https://shdnewku.lsdnehqwjwyoasde.shop/,1
https://rakuton.co.jp.hxeh5owr.cc/,1
http://samircanel20.com/BETO/,1
http://hjg.kssxlw.cn/,1
http://hjg.ocjlryl.cn/,1
https://suelos.chapingo.mx/wp-content/plugins/outlook_owa/[email protected],0
http://www.runescape.com-in.xyz/,1
https://www.runescape.com-in.xyz/,1
http://runescape.com-in.xyz/,1
https://runescape.com-in.xyz/,1
http://www.runescape.com-x.xyz/,1
http://runescape.com-x.xyz/,1
https://www.runescape.com-x.xyz/,1
https://runescape.com-x.xyz/,1
https://www.secure.runescape.com-x.xyz/,1
http://www.secure.runescape.com-x.xyz/,1
http://loattnsawsttn.com/images/base/file/,1
http://midmvsafe3l2.com/redir/base/file/,1
https://www.runescape.com-f.xyz/,1
http://www.runescape.com-f.xyz/,1
https://runescape.com-f.xyz/,1
http://runescape.com-f.xyz/,1
https://www.smbc-card.egfhj.com/mem.php,1
http://amaznn.co.jp.bukuit8h.cc/,0
http://www.runescape.com-z.xyz/,1
https://www.runescape.com-z.xyz/,1
http://runescape.com-z.xyz/,1
https://runescape.com-z.xyz/,1
https://secure.runescape.com-z.xyz/,1
http://secure.runescape.com-z.xyz/,1
http://182.16.74.3/ap/signin?openid.pape.max_auth_age=0&amp;openid.return_to=https%3A%2F%2Fwww.amazon.co.jp%2F%3Fref_%3Dnav_em_hd_re_signin&amp;openid.identity=http%3A%2F%2Fspecs.openid.net%2Fauth%2F2.0%2Fidentifier_select&amp;openid.assoc_handle=jpflex&amp;openid.mode=checkid_setup&amp;[email protected]&amp;openid.claimed_id=http%3A%2F%2Fspecs.openid.net%2Fauth%2F2.0%2Fidentifier_select&amp;openid.ns=http%3A%2F%2Fspecs.openid.net%2Fauth%2F2.0&amp;&amp;ref_=nav_em_hd_clc_signin,1
http://www.runescape.com-u.xyz/,1
http://runescape.com-u.xyz/,1
https://www.runescape.com-u.xyz/,1
https://runescape.com-u.xyz/,1
http://twyr.associateneed.link/index,1
https://u.to/iSX3Gg?notification-identity-office,1
http://notification-identity-checking-page-recovery.gq/pages.php,1
http://notification-identity-checking-page-recovery.ga/?safe-secure/login-alerts#005wtfg,0
http://notification-identity-checking-page-recovery.ga/pages.php,0
https://www.viabcpbeta-zonasegura.com/iniciar-sesion,0
http://zonasegurasviabcpbetas-pe.tk/iniciar-sesion,1
https://stumblepudding.com/wxw.viasyzonasegurabeta.enlineavialbcp.com/activar/tus/operaciones/y/transferencias-/en-/Lineas/viabcp.com.pe/iniciar-sesion,1
http://rakuton.co.jp.khdvl4ff.cc/,1
https://attnotificationyouremailytirtfi65ghhgk.weebly.com/,0
https://yahooomailatt.weebly.com/,1
https://form-online-identity-verification.my.id/pages.php,1
https://www.id-nab.com/Login/z0n51/login-1.php,1
https://www.smbc-ccad.vip/,1
http://148.66.24.187/ap/signin?openid.pape.max_auth_age=0&openid.return_to=https%3A%2F%2Fwww.amazon.co.jp%2F%3Fref_%3Dnav_em_hd_re_signin&openid.identity=http%3A%2F%2Fspecs.openid.net%2Fauth%2F2.0%2Fidentifier_select&openid.assoc_handle=jpflex&openid.mode=checkid_setup&[email protected]&openid.claimed_id=http%3A%2F%2Fspecs.openid.net%2Fauth%2F2.0%2Fidentifier_select&openid.ns=http%3A%2F%2Fspecs.openid.net%2Fauth%2F2.0&&ref_=nav_em_hd_clc_signin,1
https://difflorore.web.app/,0
http://furigota.temp.swtest.ru/271889361470070921db44556e4eef/,0
https://www.epos-jp.cc/,1
https://revision3.godaddysites.com/,0
http://allenhgm.com/,1
http://smbc-ccad.vip/,1
https://www.smbc-ccad.cc/,1
https://bald-shadowed-cobbler.glitch.me/#,1
https://www.annazon-vpsupportinto-co-jp.isoajm-cxakl.top/,1
https://secure.runescape.co-m.xyz/,0
http://secure.runescape.co-m.xyz/,1
https://meingebuhrenfrei-7d0ad9.ingress-baronn.easywp.com/es/ing/,1
https://ewbwehqbdsihwh.weebly.com/,1
https://drhansacu.com/js/us/DC/index.php,1
https://company-11326489780965446.tk/checkpoint_next.html?Facebook_Update=,0
https://rb.gy/ajiof3?Facebook_Update,0
https://company-11326489780965446.tk/Login_to_Facebook.html,0
https://services.runescape.com-vzla.ru/,1
http://services.runescape.com-vzla.ru/,1
https://secure.runescape.com-vzla.ru/,1
http://secure.runescape.com-vzla.ru/,1
https://offersforbrands.com/index.html?jhBgVdSEQAZSXDRcFvgHBnjMOmmKIjnHBUgyVtFCcRESXRDCfVGGBH,1
https://yahoolinkdomainz.weebly.com/,1
http://fb-newss1.gq/,0
http://fb-newss1.ga/,0
http://fb-newss1.ml/,1
http://verivikasi-pemblokiran-fb05.tk/login.php,0
https://dropb0x-sharepoint334444566777.000webhostapp.com/,1
https://dropb0x-filefolder765536363.000webhostapp.com/,1
http://ohiostatebasementwaterproofing.com/images/redirect/redirection.php,1
https://bythefireplace.co/files/login.php?ned_id=28d4bdaf34b4a90394aa80f1f32cd160667e2e92059cb9c2&country=South%20Africa&iso=ZA&expired=2021013020210130202101,1
http://rakuten.co.jp.rakukln.xyz/,1
http://mail.locksmithinjonesboroarkansas.com/netb/Home/,1
http://fb-2k21.ga/,0
http://fb-2k21.tk/,1
http://fb-2k21.ml/,0
http://fb-2k21.cf/,0
https://info.case-id-pp-330-443-754-login.olivebuilder.com/id/log-in/,1
https://dowaba-s2dhl.blogspot.com/,1
https://home-post-die-sendungsstatus.die-postswiss-access.com/post/,1
https://sebat-dhl.blogspot.com/,1
https://tps-dhl-global.net/Home_eng/F004f19441/home.php,1
https://error-ee-payment.com/,0
http://error-ee-payment.com/,0
http://www.pa-schoolwear.co.uk/wp-content/themes/twentyfive/templates/.../home/one/one/,0
https://sourcekode.com.ng/.well-known/acme-challenge/.../home/,0
http://s.id/kpkkpkkpk,1
http://link.upnyk.ac.id/1mb,0
http://furigota.temp.swtest.ru/,0
https://ee-billing.org.uk/,1
https://orange-mail856210.wixsite.com/servicevocale,0
http://link.upnyk.ac.id/1n1,1
https://rakutennc.godiiuretyun.work/,1
https://www.dofus-cadeaux.shop/home.php,0
http://rakuton.co.jp.1exi8hyf.cc/,1
https://dofus-store.shop/,1
https://www.dofus-venturo.shop//,1
https://www.dofus-venturo.shop,1
https://www.dofus-gains.shop,1
https://dofus-mmorpg.shop,1
https://s.id/kpkkpkkpk,1
https://mycard.rithishoppy.in/index.html?jhBgVdSEQAZSXDRcFvgHBnjMOmmKIjnHBUgyVtFCcRESXRDCVfGBH,1
http://hjg.prkhetu.cn/,1
http://oer.mtu.edu.ng/https/,1
http://oer.mtu.edu.ng/https,1
https://oer.mtu.edu.ng/https/,1
https://oer.mtu.edu.ng/https,1
https://www.smbc-card.egfhj.com/,0
http://amaznn.co.jp.ezokinsc.cc/,0
http://erweima.shengzenongyao.com/Public/Uploads/20200409/inventory/merchants/zz-error/nuphedrine.php?busy=m1rbu0dkd5k9x6&force=per&front=child,1
https://j.mp/2Mdyots,1
https://updateinfouk.com/,1
https://sparkasse-service.sicherheitsverfahren-v2-cust28127733.ru/connectupdate/spk/,1
https://nwresearchinstitute.com/,1
http://weeniecat.com/.well-known/pki-validation/pki-validation/login/login.php,1
http://hjg.uhbvmqi.cn/,1
http://amaznn.co.jp.dvxsi1ua.cc/,0
https://www.celsius-process.com/in/,0
https://smbcc.lonewoaini.work/pc/index.php?openid.pape.max_auth_age=0&openid.return_to=https%3A%2F%2Fwww.smbc.co.jp%2F%3Fref_%3Dnav_em_hd_re_signin&openid.identity=http%3A%2F%2Fspecs.openid.net%2Fauth%2F2.0%2Fidentifier_se[email protected]b.c&openid.claimed_id=http%3A%2F%2Fspecs.openid.net%2Fauth%2F2.0%2Fidentifier_select&openid.ns=http%3A%2F%2Fspecs.openid.net%2Fauth%2F2.0&&ref_=nav_em_hd_clc_signinhttps://www.smbc.co.jp,0
https://smbcc.lonewoaini.work/,0
https://smbcc.kutternytg.work/pc/index.php?openid.pape.max_auth_age=0&openid.return_to=https%3A%2F%2Fwww.smbc.co.jp%2F%3Fref_%3Dnav_em_hd_re_signin&openid.identity=http%3A%2F%2Fspecs.openid.net%2Fauth%2F2.0%2Fidentifier_se[email protected]b.c&openid.claimed_id=http%3A%2F%2Fspecs.openid.net%2Fauth%2F2.0%2Fidentifier_select&openid.ns=http%3A%2F%2Fspecs.openid.net%2Fauth%2F2.0&&ref_=nav_em_hd_clc_signinhttps://www.smbc.co.jp,0
http://smbcc.kutternytg.work,0
https://smbcc.ppustter.work/pc/index.php?openid.pape.max_auth_age=0&openid.return_to=https%3A%2F%2Fwww.smbc.co.jp%2F%3Fref_%3Dnav_em_hd_re_signin&openid.identity=http%3A%2F%2Fspecs.openid.net%2Fauth%2F2.0%2Fidentifier_se[email protected]b.c&openid.claimed_id=http%3A%2F%2Fspecs.openid.net%2Fauth%2F2.0%2Fidentifier_select&openid.ns=http%3A%2F%2Fspecs.openid.net%2Fauth%2F2.0&&ref_=nav_em_hd_clc_signinhttps://www.smbc.co.jp,1
https://smbcc.ppustter.work/pc/index.php?openid.pape.max_auth_age=0&openid.return_to=https%3A%2F%2Fwww.smbc.co.jp%2F%3Fref_%3Dnav_em_hd_re_signin&openid.identity=http%3A%2F%2Fspecs.openid.net%2Fauth%2F2.0%2Fidentifier_se[email protected]b.c&openid.claimed_id=http%3A%2F%2Fspecs.openid.net%2Fauth%2F2.0%2Fidentifier_select&openid.ns=http%3A%2F%2Fspecs.openid.net%2Fauth%2F2.0&&ref_=nav_em_hd_clc_signinhttps://www.smbc.co.jp,1
http://smbcc.ppustter.work,0
https://smbcc.kutternytg.xyz/pc/index.php?openid.pape.max_auth_age=0&openid.return_to=https%3A%2F%2Fwww.smbc.co.jp%2F%3Fref_%3Dnav_em_hd_re_signin&openid.identity=http%3A%2F%2Fspecs.openid.net%2Fauth%2F2.0%2Fidentifier_se[email protected]b.c&openid.claimed_id=http%3A%2F%2Fspecs.openid.net%2Fauth%2F2.0%2Fidentifier_select&openid.ns=http%3A%2F%2Fspecs.openid.net%2Fauth%2F2.0&&ref_=nav_em_hd_clc_signinhttps://www.smbc.co.jp,1
https://smbcc.lonewoaini.shop/pc/index.php?openid.pape.max_auth_age=0&openid.return_to=https%3A%2F%2Fwww.smbc.co.jp%2F%3Fref_%3Dnav_em_hd_re_signin&openid.identity=http%3A%2F%2Fspecs.openid.net%2Fauth%2F2.0%2Fidentifier_se[email protected]b.c&openid.claimed_id=http%3A%2F%2Fspecs.openid.net%2Fauth%2F2.0%2Fidentifier_select&openid.ns=http%3A%2F%2Fspecs.openid.net%2Fauth%2F2.0&&ref_=nav_em_hd_clc_signinhttps://www.smbc.co.jp,0
http://smbcc.lonewoaini.shop,1
https://go2decals.com/index.html?gcGDRAewqA$z*FD*cGCHjBJnhBGvFCDRXTCyVBunINHBYGTFCR*,1
http://hjg.xqbkqye.cn/,1
https://bitly.com/3prJhpK,1
http://issi.associateneed.link/index,1
https://cafeslacatedral.com/,1
https://ee-bill-failure.co.uk/,1
https://ee-login-updatepaymentmethod.xyz/,1
https://comsumenten-info.com/sns/,0
https://billings-verify-myee.com/account/index?ac=ee,0
https://billings-verify-myee.com/,0
https://ee.failurebill-update.com/,1
https://t.co/MDRlTaQHup,1
https://fb-checkpointpage.000webhostapp.com/security/login.php,0
https://pleasewaitredirectingto.000webhostapp.com/,1
https://dropb0x-panel32333222.000webhostapp.com/,1
https://dropb0x-filefolder0f0f0fddd.000webhostapp.com/,0
https://www.wvvwinterbabancaporinternetpe.com/doc/login.php,1
https://www.wvvwinterbabancaporinternetpe.com,0
https://bloody-lifeboats.000webhostapp.com/,0
"https://services.runascape.com-ro.ru/m=weblogin/loginform231,756,955,59675216,2167",1
https://babykingly.com/store/wp-admin/dhl/,1
https://home-post-die-sendungsstatus.die-postswiss-go.com/post/,1
https://jp-rakuten.b-3.top/,1
https://quirurgicamente.com/netzero_com/dbbaf8d2fee839c774bb304740722089/,1
https://jp-rakuten.o-1.top/rms-nid-vc__event=login&service_id=top-1,1
https://arnazon.oo.ip.qmjidym.cn/pc/,1
https://newjuno8.godaddysites.com/,0
https://www.samuelearcangioli.com/new/portfolio/,1
http://pieknapolska.online/ciekawe,1
http://polskarelacje.online/ama,1
http://polskajdzisiaj.online/ama,0
https://www.amazcnr-oo.jp.infoamazonjp.xyz/signin/,0
https://jp-rakuten.c-1.top/rms-nid-vc__event=login&service_id=top-1,1
https://jp-rakuten.a-1.top/rms-nid-vc__event=login&service_id=top-1,1
https://jp-rakuten.g-1.top/rms-nid-vc__event=login&service_id=top-1,1
https://jp-rakuten.k-1.top/rms-nid-vc__event=login&service_id=top-1,1
https://jp-rakuten.l-1.top/rms-nid-vc__event=login&service_id=top-1,1
https://masternews.org/wp-includes/certificates/.secure.home/one/one/,0
https://rosepetalonlinestore.com/admin/controller/extension/extension/.../,1
https://avxxvxz.jpjd.xyz/pc/,1
https://rakuton.co.jp.8uadrmrl.cc/,0
http://hjg.ylxwznj.cn/,1
https://dofus-retrovlox.shop/,0
https://www.dofus-gains.shop/,1
https://www.dofus-venturo.shop/,1
https://promos.meetlocals.com/geo/click.php?bannerid=&campaignid=&zoneid=&rurl=http://myaccountoptus.com/[email protected],0
https://my.webratio.com/learn/miu11a?hinu15a.block=12&miu11a.icp28a=http://myaccountoptus.com/[email protected],0
https://www.poweryourlifenetwork.com/links.php?url=http://myaccountoptus.com/[email protected],0
http://www.injoys.net/bburl.php?to=http://myaccountoptus.com/[email protected],0
https://main--wonderful-hamilton-841560.netlify.app/,1
http://www.merca.com/cgi-bin/clickcount.pl?url=http://myaccountoptus.com/[email protected],0
http://fbb-logtrye.ml/,0
http://fbb-logtrye.cf/,0
http://proxy-bl.researchport.umd.edu/login?url=http://myaccountoptus.com/[email protected],0
https://rakuton.co.jp.2gj7bnp1.cc/,1
http://www.prokhorovfund.ru/bitrix/rk.php?goto=http://myaccountoptus.com/[email protected],0
http://www.cyprus-net.com/banner_click.php?banid=4&link=http://myaccountoptus.com/[email protected],0
http://kriv.biz/go/url=http:/myaccountoptus.com/[email protected],0
http://matureperversion.com/out.php?http://myaccountoptus.com/[email protected],0
https://intermatico-enlinea.com/,1
https://paypal.server.account-update-service.co/,0
http://belovo-spshka.com/go.php?http://myaccountoptus.com/[email protected],0
http://shit-around.com/cgi-bin/out.cgi?ses=4PZXUmcgTr&id=26&url=http://myaccountoptus.com/[email protected],0
http://www.ohi.org.tw/index/link.php?id=1&link=http://myaccountoptus.com/[email protected],0
http://verivikasi-pemblokiran-fb07.gq/login.php,0
https://surl.me/ek6kq,0
http://rakuton.co.jp.7jdutsok.cc/,0
http://rakuton.co.jp.2sat40pw.cc/,1
https://www.amozon.co.jp.sing-amonan.top/,1
https://www.diskussionsforen-ebay-community.de-ws.ikiyapi.com/index.php,0
http://69.176.89.195/ap/signin?openid.pape.max_auth_age=0&openid.return_to=https%3A%2F%2Fwww.amazon.co.jp%2F%3Fref_%3Dnav_em_hd_re_signin&openid.identity=http%3A%2F%2Fspecs.openid.net%2Fauth%2F2.0%2Fidentifier_select&openid.assoc_handle=jpflex&openid.mode=checkid_setup&[email protected]&openid.claimed_id=http%3A%2F%2Fspecs.openid.net%2Fauth%2F2.0%2Fidentifier_select&openid.ns=http%3A%2F%2Fspecs.openid.net%2Fauth%2F2.0&&ref_=nav_em_hd_clc_signin,1
http://witty.id/index.html?jhBgVdSEQAZSXDRcFvgHBnjMOmmKIjnHBUgyVtFCcRESXRDDCfVGBH,1
https://internet-online-digital-login.shop/login/,0
https://redfriday-promo.com/MeusProdutos/Prefetch.php?skullid=31747455,1
https://redfriday-promo.com/MeusProdutos/Prefetch.php?skullid=31747455&fbclid=IwAR3NvzlggAHAhieNHHA0FMakEQLoa5g8vcmA8zL-3WY1K8mZC7OOXwkVSJQ,1
http://69.176.89.151/ap/signin?openid.pape.max_auth_age=0&openid.return_to=https%3A%2F%2Fwww.amazon.co.jp%2F%3Fref_%3Dnav_em_hd_re_signin&openid.identity=http%3A%2F%2Fspecs.openid.net%2Fauth%2F2.0%2Fidentifier_select&openid.assoc_handle=jpflex&openid.mode=checkid_setup&[email protected]&openid.claimed_id=http%3A%2F%2Fspecs.openid.net%2Fauth%2F2.0%2Fidentifier_select&openid.ns=http%3A%2F%2Fspecs.openid.net%2Fauth%2F2.0&&ref_=nav_em_hd_clc_signin,1
https://www.caninoyfelinospoblado.com/step2.html,1
http://www.rakuten3.buzz/,0
http://bcpbetazonassegura-pe.tk/iniciar-sesion,1
https://mariettesylvieprev.wixsite.com/my-site,0
https://my.jcb.countdomaailpartdate.ml/,1
https://reactivaonlinebcpzonasegura.000webhostapp.com/,0
http://148.66.24.187/ap/signin?openid.pape.max_auth_age=0&amp;openid.return_to=https%3A%2F%2Fwww.amazon.co.jp%2F%3Fref_%3Dnav_em_hd_re_signin&amp;openid.identity=http%3A%2F%2Fspecs.openid.net%2Fauth%2F2.0%2Fidentifier_select&amp;openid.assoc_handle=jpflex&amp;openid.mode=checkid_setup&amp;[email protected]&amp;openid.claimed_id=http%3A%2F%2Fspecs.openid.net%2Fauth%2F2.0%2Fidentifier_select&amp;openid.ns=http%3A%2F%2Fspecs.openid.net%2Fauth%2F2.0&amp;&amp;ref_=nav_em_hd_clc_signin,1
http://yahoo%2Eco%,0
https://teatwine.com/index.html?TXYtvyGBHUHuYGtFYRDETSxdRCFTGYBHUjNKmIJUHygVTYFCRTFgVybHUNjokmijnHUBgy,1
https://ebay.nascohvac.com/rUJzvvJO/gxHXpOeBavISAPIwzWMt/rpuorxw,1
http://seguridadprivadaddecuentasseguraspichi.onlinewebshop.net/,1
http://notification-identity-office-recovery.gq/pages.php,1
http://notification-identity-office-recovery.ga/pages.php,0
http://www.smdc-cacd.vip,1
http://bcpzonasegurabeta.viabcp.transferencia.pe.tipuahmed.com/personas/enlinea/viabcp/iniciar-sesion,1
https://www.eposcrd.com/,1
https://www.radiolac.ch/wp-includes/pomo/american/secure/,1
https://jp-rakuten.b1t.top/,1
https://avxxvxz.jpjd.xyz/,0
http://www.smbc-jp.cc/,1
https://myattnow.weebly.com/,1
https://bellsttattnetverify.weebly.com/,0
https://founder-admin-ck-18896331864589076.tk/Login_to_Facebook.html,0
https://founder-admin-ck-18896331864589077.tk/Login_to_Facebook.html,0
https://founder-admin-ck-18896331864589078.tk/Login_to_Facebook.html,1
https://founder-admin-ck-18896331864589079.tk/Login_to_Facebook.html,0
https://founder-admin-ck-18896331864589080.tk/checkpoint_next.html?Facebook_Update=,0
https://rb.gy/pgbtfi?Facebook_Update,0
https://founder-admin-ck-18896331864589080.tk/Login_to_Facebook.html,0
https://u15071325.ct.sendgrid.net/ls/click?upn=88KWVAR7xjhF6S-2FkLBq78mu5s-2FCZG1r2ErGVAnmnxOs-3D4Cg4_pbbmKCQPvQwPqod44EY103fT7oyTkymZI2xkFtC-2BwINQKZo-2FvIx4a-2Fe9MMz9vSwU3EkMl3Y20czGW6kvCN-2BYehpmZqPsIqqzmdJYTA66BYv-2FjTBSzCdD5G7geUtrnnzAXjcmnyPy07-2BhDCNkU8NTz86mQG6IbJzfJiWbWX1uEJqUrhSvJOKUTblb2AjuSvV-2FA5LCn2vhPWXvYqgimfg-2Fiu5a9gvDwVVGy6KsdMuS-2BVU-3D,1
https://jp-rakuten.l-1.top/,1
https://jp-rakuten.g-1.top/,1
https://jp-rakuten.k-1.top/,1
http://velocitopia53.com/xsvyotbetf.html?TXYtvyGBHUHuYGtFYRDETSxRdCFTGYBHUjNKmIJUHygVTYFCRTFVgybHUNjokmijnHUBgy,1
https://www.smbc-jp.cc/,1
https://online.caixaemergencialeconomicafederal-gov-br.site/web/acesso.php,0
http://online.caixaemergencialeconomicafederal-gov-br.site/web/acesso.php,0
https://company-11326489780965444.tk/checkpoint_next.html?Facebook_Update=,0
https://rb.gy/gnzrsx?Facebook_Update,0
https://company-11326489780965444.tk/Login_to_Facebook.html,0
https://company-11326489780965443.tk/Login_to_Facebook.html,0
https://company-11326489780965442.tk/Login_to_Facebook.html,0
http://fondoriesgoslaborales.gov.co/wp-includes/SimplePie/Parse/view_ajax.php?weather=112srrscp0f0&inside=check&garden=sign,1
https://black-friday-magazineluiza.com/?produto=jogo-de-panelas-tramontina-solar-aco-inox-fundo-triplo-inducao-6-pecas-pegador-de-massa/p/jd7b853b09/ud/cjpn/&uid=11,1
https://black-friday-magazineluiza.com/?produto=smartphone-samsung-galaxy-s10-128gb-preto-4g-8gb-ram-tela-61-cam-tripla-cam-selfie-10mp/p/222251600/te/gs10/&uid=10,1
https://black-friday-magazineluiza.com/?produto=smart-tv-4k-crystal-uhd-58-samsung-un58tu7020gxzd-wi-fi-bluetooth-hdr10-2-hdmi-1-usb/p/193435500/et/elit/&uid=7,1
https://parcel.emiratespost.ae.oplosmarketing.co.ke/uae/a64959806d92091ca45edd13d0edb1fa/,0
https://parcel.emiratespost.ae.oplosmarketing.co.ke/uae/,0
https://www.smdc-cacd.vip/,1
http://www.enricavereniimmobiliare.it/OLD/test/14/swiss/,1
https://alosalamfenhadlaghborakhayghberto.blogspot.com/,0
https://myeeonline-account.com/account/index?ac=ee,0
https://myeeonline-account.com/,0
https://meravilla.it/index.html?TXYtvyGBHUHuYGtFYRDETSxdCRFTGYBHUjNKmIJUHygVTYFCRTFVgybHUNjokmijnHUBgy,1
https://sants-authorize-security.com/secure/,1
https://u15071325.ct.sendgrid.net/ls/click?upn=88KWVAR7xjhF6S-2FkLBq78mu5s-2FCZG1r2ErGVAnmnxOs-3DNhed_SQHuRqZiVnU80SfMLcGbZMf4m4RVNXSQIYxdS7DjdVyIGzIBJOnzHrQYVsdxTDpgwCgyPZyTGiVDY0ysND-2FWQq7D1o6mAt50SVlS-2BtJQb-2FS4LyTQ88h8-2FCNwnNq64hUxeU-2FPuKG4lzgrBlR9q4LOd08JGOk3JaCd6EhIKl6VWEbIEiDtb6r2s1-2F-2FEkZn48blv8bF-2F3dxxcSf2JIQ8bj9005dOLPagfi8CHNJSyEE4-2FiRX-2F0r3IUWzG874fV-2BbvtI,1
https://reactivaperuzonasegurabcponline.000webhostapp.com/,0
https://www.nab-cancel-payid.com/ib.nab.com.au/nabib/login.php,0
https://reviews.methodbooks.com/https/,0
https://reviews.methodbooks.com/https,0
http://reviews.methodbooks.com/https,0
http://reviews.methodbooks.com/https/,1
https://aqtv.tv/dhl-secure-inc.html,1
https://oruma.eu-gb.cf.appdomain.cloud/,0
http://ca74070c843716722.temporary.link/0DE5F8F5DAZF255DSMCPSKVLCD/FVRGCDFE26D68JDNCVRJ%20EF55EFR//VBF0H2EZ6FDS36BTHFDV2FVDVS//,1
https://wettstv.com/,1
https://ee-secureupdatebilling.com/account/index?ac=ee,0
https://ee-secureupdatebilling.com/,1
https://www.recommendedcouncil.com/chf/die/post/ch/switerzland/paket/wartat/sendung/auf/2021/ihr/process/Die-post//manage/index.php,1
https://esport-app.com/new.php,0
https://ebay.luxrealtyllc.com/eGhziF/PoOSPeBavISAPINNZMT/mvLFJ,1
http://itaucard.unaux.com/,1
http://3.156.198.104.bc.googleusercontent.com/caixa/home/03/device/?key=rXKKqayiRqVVjEHyIwkcJDvaviqrUPNlNduQrY6elDY6MGDUQcrekPIMNU1afkviCGq9DnYgYKmYyRoTitqvzd1MW3Cr0GxBae9dmYyYKKD8zWdvRkkTsppVAo63XCE9iYPSlEsKfx2qUQab7JL9Qz,0
http://link.upnyk.ac.id/sd,1
http://3.156.198.104.bc.googleusercontent.com/caixa/home/03/validation/,0
http://3.156.198.104.bc.googleusercontent.com/caixa/home/03/validation,0
https://wordsworthian-deser.000webhostapp.com/,0
https://online.caixa-economica-disposito.site/web/acesso.php,0
https://seagamebbss.000webhostapp.com/,0
https://sdadasdsdasdsa.000webhostapp.com/,0
https://bsetclhange.net,0
https://instainstainstainstainstainstainstainsta777.000webhostapp.com/,0
https://fb-secure-data.000webhostapp.com/,0
https://retribution-admin-1991153264987088.tk/checkpoint_next.html?Facebook_Update=,0
https://rb.gy/qfianv?Facebook_Update,0
https://retribution-admin-1991153264987087.tk/Login_to_Facebook.html,0
https://retribution-admin-1991153264987089.tk/Login_to_Facebook.html,0
http://neon-pacific.com/jksartlbhv.html?TXYtvyGBHUHuYGtFYRDET$xdRCFTGYBHUiNKmIJUHygVTYFCRTFVgybHUNiokmlinHUBgy,0
https://retribution-admin-1991153264987088.tk/Login_to_Facebook.html,1
http://verivikasi-pemblokiran-fb07.tk/login.php,0
https://nflleadership.com/index.html?TXYtvyGBHUHuYGtFYRDETSxdRCFTGYBHUjNKmIJUHygVTYFCRTFVgybHUNjokmijnHBUgy,1
http://davivienda.ingresowps.co/,1
http://davivienda.ingresowps.co,1
https://davivienda.ingresowps.co,1
https://davivienda.ingresowps.co/,1
https://peytemsl.net/6CP0MmwSqp43Y/4jsrkb,0
http://134.122.177.12/ap/,0
https://eebillingupdatesecure.com/account/index?ac=ee,0
https://eebillingupdatesecure.com/,0
https://forcebtcofferway.com/knab/index.php,1
http://infofpolska.online/ama/,0
http://69.176.89.211/ap/,1
https://www.restrizioni-accesso.com/index,1
http://3.156.198.104.bc.googleusercontent.com/caixa/home/02/validation/,1
http://3.156.198.104.bc.googleusercontent.com/caixa/home/02/validation,0
https://noreplysupportattservice.weebly.com/,0
https://z-showers.000webhostapp.com/,1
https://vidio-hot-sexs.000webhostapp.com/login.php,0
https://videobokepmahasiswidanvcshd001.000webhostapp.com/join.html,0
https://tvs902.000webhostapp.com/,0
https://support-yegz8-league-of-legends.000webhostapp.com/,0
https://support-jxe1xvya-league-of-legends.000webhostapp.com/,0
https://suisseark.000webhostapp.com/,0
https://storagedatagobig.000webhostapp.com/,0
https://sorteozapatillascl.000webhostapp.com/,0
https://seaforgame.000webhostapp.com/,1
https://rnteeed.000webhostapp.com/,0
https://myhelpcenter.000webhostapp.com/,0
https://losrecuerdosperduransiempre.000webhostapp.com/,0
https://join-grup-youtuber.000webhostapp.com/login.php,0
https://hotwagrup-hothot.000webhostapp.com/login.php,0
https://grupberbagividiowikhwikh.000webhostapp.com/login.php,1
https://era123.000webhostapp.com/,0
https://boomfollowernew.000webhostapp.com/,0
https://bokepindoviral9979.000webhostapp.com/login.php,0
https://anchaltest.000webhostapp.com/,0
https://4yo-j01n.000webhostapp.com/login.php,0
http://mj2x.22web.org/eca,1
https://online.caixa-federal-auxilio.site/web/acesso.php,0
http://phishing.kifjeff.fr/protonmail/login.html,1
http://phishing.kifjeff.fr/protonmail/,0
http://davivienda.ingresospersona.online/,0
https://davivienda.ingresospersona.online,0
https://davivienda.ingresospersona.online/,0
https://woonsysteem.tk/woningnet/,0
https://s.id/woning,1
https://ramaozten.rakzoahauz.top/,0
https://lijunsfalsdabfsdbjbdvs.jnsfbkjsfbkfjbsafskj.buzz/,0
https://ebay.portlibertecontractor.com/ZFxJxOZ/MlwZkoWeBavISAPImxIqWPTV/xVwNWYN,1
http://rakuten.co.jp.cardmail.buzz/,0
http://69.176.89.211/ap/,1
https://woonveiligheid.cf/woningnet/,0
https://s.id/woningten,0
https://peytnemtp.net/OckYJ9wSFYNH7mJKoA/4ghr07,0
https://liberacion.viabcpzoniasegurabeta.link/,1
https://unauthorised-payeerequested.com/lloyds/Login.php,1
https://unauthorised-payeerequested.com/lloyds/,1
http://134.122.177.12/ap/,0
https://attdomainwebsiteservice.weebly.com/,0
https://pulihkan-accountt2303.webnode.com/,1
http://veryfi-neww.cf/,0
http://pencegahanfacebook.ml/,0
http://pencegahanfacebook.gq/,0
http://pencegahanfacebook.ga/,0
http://pencegahanfacebooks.cf/,0
http://pencegahanfacebooks.ga/,0
http://pencegahanfacebooks.gq/,0
http://fbb-20k21.tk/,0
https://cuenta.bankia.es.twocountieshogroast.co.uk/bankia-usuario/,0
https://atttttttmaff.weebly.com/,0
https://solarsuria.com/,1
http://myestherwallet.xyz/,0
http://singh.yogabhumi.com/index.html?gcGDRAewqASzXFDXcGGCHjBJnhBGvFCDRXTCyVBunINHBYGTFCRx,1
https://geninights.com/,1
https://sparkasse-kundenservice.sicherheitsverfahren-v2-cust29382837.ru/connectupdate/spk/8f558d71dd1229af6d37489902240ee210c3fcc3,1
https://aboutrtown.com/,1
https://spk-bank.sicherheitsverfahren-v2-cust28127733.ru/connectupdate/spk/7dd7151c6efc30f84f1106dcd6cd8d0411336a46,1
https://vcs-gratis-dan-vidio-bokep-indo-japan.000webhostapp.com/join.html,1
https://unreturned-scratchp.000webhostapp.com/login.php,0
https://diskussionsforum-ebay-betrug.iznikekinoks.com/index.php,1
https://ebay-diskussionsforen-de.iznikdenizorganizasyon.com/index.php,0
https://patillameriidamodelaje.000webhostapp.com/,1
https://onedirectiondraw2.000webhostapp.com/,0
https://nakrytkains1.000webhostapp.com/,0
https://memeklia.000webhostapp.com/login.php,0
http://inlandchiropractichealthcare.com/index.html?TXYtvyGBHUHuYGtFYRDETSxdRCFTGYBHUjjNKmIJUHygVTYFCRTFVgybHUNjokmijnHUBgy,1
https://dogecoinking.ml/,1
https://comptecibcap06.000webhostapp.com/,0
https://bokep2021terbaru1945.000webhostapp.com/login.php,0
https://ebay.yellow4low.com/OUWWZxo/GpWFOgeBavISAPIZepWqNJ/ghXNxHql,1
https://abdjsbsj.000webhostapp.com/login.php,1
https://wazafny.000webhostapp.com/,0
https://ebay.greenusallc.com/oixXgnf/LMptXGoeBavISAPItCgqWv/vFKIV,1
https://vdisbka.000webhostapp.com/login.php,0
https://onlinecuentaes.com/r4/,1
https://onlinecuentaes.com/r4,0
https://ebay.portlibertecontractor.com/WUlTljOm/WziIZeBavISAPIcBAKnP/WfueMFow,1
https://ebay.portlibertecontractor.com/uNyOoXr/tpHpNeBavISAPIHTXtMM/GiMfpoz,1
https://service-fb-manager.000webhostapp.com/,0
https://fakebook-co.000webhostapp.com/,0
https://ebay.luxrealtyllc.com/OihYR/lqSiXjeBavISAPIouxXp/wuwxT,1
https://ebay.greenusallc.com/SMzUkv/YPXXXHvPeBavISAPIYWKmRz/wEEgmn,1
https://ebay.greenusallc.com/xhONKs/wwUJYueBavISAPIYshYFEv/XWNtpqvZ,1
https://ebay.nascohvac.com/orsXRWw/qMGGvLJeBavISAPImLUTW/XWubNJ,1
https://demon12.000webhostapp.com/,1
https://bityl.co/5Ofc,1
https://cuentaonlinees.com/r7/,0
https://cuentaonlinees.com/r7,0
https://kleinisd-net-auth-doc.tk/?login=do,1
http://davivienda.enlinea-wps.com/,1
http://davivienda.enlinea-wps.com,1
https://davivienda.enlinea-wps.com,0
https://davivienda.enlinea-wps.com/,0
https://helicoptermeadow.com/be/be/,1
https://ebay-seller.negative-feedback-archive.xyz/ZSH6FhGSUf-hEfpbDCPth-M8bVHeanqz/Sign_in_or_Register_eBay.php?id=c16c258c4e80b551616081199928b54ec16c258c4e80b551616081199928b54e&session=c16c258c4e80b551616081199928b54ec16c258c4e80b551616081199928b54e,0
https://www.celsius-process.com/in/?email,0
https://www.lafaimac.com.tr/css/dhl/source/index.php?email,1
https://fluff-slender-melon.glitch.me/daw-owa.html?bbre=dsi483s,1
https://www.vishalpaper.com/wp-admin/?rand=13InboxLightaspxn.1774256418&fid.4.1252899642&fid=1&fav.1&rand.13InboxLight.aspxn.1774256418&fid.1252899642&fid.1&fav.1&email,1
https://amancarrental.com/joy/rowan/,1
http://anahda.com/index.html?gcGDRAewqA$zXFD*cGCHiBInhBGvFCDRXTCyVBunINHBYGTFCR*,0
https://ebay-seller.negative-feedback-log.xyz/ZSH6FhGSUf-hEfpbDCPth-M8bVHeanqz/Sign_in_or_Register_eBay.php?id=3aba01ae5d131c92ceed28ab2bd2ab343aba01ae5d131c92ceed28ab2bd2ab34&session=3aba01ae5d131c92ceed28ab2bd2ab343aba01ae5d131c92ceed28ab2bd2ab34,0
https://issuse-paypal531.com/,0
http://emergencyelectricianfulham.co.uk/index.html?gcGDRAewqASzXFDXcGCHjBJnhBGvFCDRXTCyVBunINHBGYTFCRx,1
https://intermatico-ks.webcindario.com/,1
https://kuberapps.solutions/servicemms/_orange/,0
https://639453537eds345.wixsite.com/my-site,1
http://meuacessodigital-app.com/,0
http://dbilleocie.temp.swtest.ru/03c7af3c69cec2e7167b88bd88729f/,0
https://www.google.com,
https://www.youtube.com,
https://www.facebook.com,
https://www.baidu.com,
https://www.wikipedia.org,
https://www.reddit.com,
https://www.yahoo.com,
https://www.google.co.in,
https://www.qq.com,
https://www.amazon.com,
https://www.taobao.com,
https://www.twitter.com,
https://www.tmall.com,
https://www.google.co.jp,
https://www.vk.com,
https://www.live.com,
https://www.instagram.com,
https://www.sohu.com,
https://www.sina.com.cn,
https://www.jd.com,
https://www.weibo.com,
https://www.360.cn,
https://www.google.de,
https://www.google.co.uk,
https://www.google.com.br,
https://www.google.fr,
https://www.google.ru,
https://www.netflix.com,
https://www.yandex.ru,
https://www.list.tmall.com,
https://www.linkedin.com,
https://www.twitch.tv,
https://www.google.it,
https://www.t.co,
https://www.google.com.hk,
https://www.pornhub.com,
https://www.google.es,
https://www.alipay.com,
https://www.xvideos.com,
https://www.yahoo.co.jp,
https://www.google.ca,
https://www.ebay.com,
https://www.google.com.mx,
https://www.microsoft.com,
https://www.bing.com,
https://www.imgur.com,
https://www.ok.ru,
https://www.bongacams.com,
https://www.imdb.com,
https://www.aliexpress.com,
https://www.wikia.com,
https://www.hao123.com,
https://www.mail.ru,
https://www.office.com,
https://www.csdn.net,
https://www.tumblr.com,
https://www.msn.com,
https://www.wordpress.com,
https://www.google.com.au,
https://www.google.com.tr,
https://www.microsoftonline.com,
https://www.whatsapp.com,
https://www.github.com,
https://www.google.com.tw,
https://www.apple.com,
https://www.livejasmin.com,
https://www.amazon.co.jp,
https://www.blogspot.com,
https://www.google.pl,
https://www.deloton.com,
https://www.popads.net,
https://www.paypal.com,
https://www.xhamster.com,
https://www.stackoverflow.com,
https://www.google.co.id,
https://www.detail.tmall.com,
https://www.pinterest.com,
https://www.diply.com,
https://www.coinmarketcap.com,
https://www.gmw.cn,
https://www.amazon.de,
https://www.soso.com,
https://www.google.com.ar,
https://www.so.com,
https://www.coccoc.com,
https://www.adobe.com,
https://www.amazon.in,
https://www.amazon.co.uk,
https://www.savefrom.net,
https://www.xnxx.com,
https://www.dropbox.com,
https://www.googleusercontent.com,
https://www.google.com.ua,
https://www.nicovideo.jp,
https://www.tianya.cn,
https://www.google.nl,
https://www.pixnet.net,
https://www.google.co.th,
https://www.google.com.pk,
https://www.tribunnews.com,
https://www.google.com.sa,
https://www.thepiratebay.org,
https://www.espn.com,
https://www.bbc.co.uk,
https://www.craigslist.org,
https://www.bbc.com,
https://www.google.com.eg,
https://www.booking.com,
https://www.soundcloud.com,
https://www.cnn.com,
https://www.nytimes.com,
https://www.chaturbate.com,
https://www.detik.com,
https://www.thestartmagazine.com,
https://www.txxx.com,
https://www.google.co.za,
https://www.google.co.ve,
https://www.naver.com,
https://www.hitcpm.com,
https://www.amazonaws.com,
https://www.onlinesbi.com,
https://www.exdynsrv.com,
https://www.ebay.de,
https://www.rakuten.co.jp,
https://www.binance.com,
https://www.roblox.com,
https://www.ask.com,
https://www.xinhuanet.com,
https://www.aparat.com,
https://www.openload.co,
https://www.iwanttodeliver.com,
https://www.spotify.com,
https://www.vimeo.com,
https://www.quora.com,
https://www.steamcommunity.com,
https://www.chase.com,
https://www.zhihu.com,
https://www.stackexchange.com,
https://www.discordapp.com,
https://www.softonic.com,
https://www.google.gr,
https://www.fbcdn.net,
https://www.google.com.ph,
https://www.mediafire.com,
https://www.dailymotion.com,
https://www.mozilla.org,
https://www.youth.cn,
https://www.theguardian.com,
https://www.google.se,
https://www.google.be,
https://www.ettoday.net,
https://www.google.co.ao,
https://www.salesforce.com,
https://www.google.com.sg,
https://www.flipkart.com,
https://www.ebay.co.uk,
https://www.vice.com,
https://www.nih.gov,
https://www.fc2.com,
https://www.queuecosm.bid,
https://www.google.az,
https://www.avito.ru,
https://www.douyu.com,
https://www.cnet.com,
https://www.blogger.com,
https://www.google.co.kr,
https://www.exosrv.com,
https://www.deviantart.com,
https://www.dailymail.co.uk,
https://www.4chan.org,
https://www.doubleclick.net,
https://www.alibaba.com,
https://www.providr.com,
https://www.globo.com,
https://www.steampowered.com,
https://www.mercadolivre.com.br,
https://www.indeed.com,
https://www.google.at,
https://www.twimg.com,
https://www.redd.it,
https://www.1688.com,
https://www.google.com.ng,
https://www.buzzfeed.com,
https://www.google.com.vn,
https://www.google.cn,
https://www.google.com.co,
https://www.etsy.com,
https://www.cloudfront.net,
https://www.blastingnews.com,
https://www.login.tmall.com,
https://www.force.com,
https://www.onlinevideoconverter.com,
https://www.amazon.fr,
https://www.washingtonpost.com,
https://www.pinimg.com,
https://www.china.com.cn,
https://www.messenger.com,
https://www.tokopedia.com,
https://www.mama.cn,
https://www.google.cz,
https://www.coinbase.com,
https://www.china.com,
https://www.sogou.com,
https://www.google.ro,
https://www.exoclick.com,
https://www.walmart.com,
https://www.yelp.com,
https://www.babytree.com,
https://www.amazon.it,
https://www.google.ch,
https://www.wikihow.com,
https://www.google.no,
https://www.w3schools.com,
https://www.uol.com.br,
https://www.spankbang.com,
https://www.google.pt,
https://www.pages.tmall.com,
https://www.godaddy.com,
https://www.slideshare.net,
https://www.redtube.com,
https://www.metropcs.mobi,
https://www.speakol.com,
https://www.kompas.com,
https://www.google.ae,
https://www.gearbest.com,
https://www.google.com.pe,
https://www.google.cl,
https://www.mega.nz,
https://www.bankofamerica.com,
https://www.ladbible.com,
https://www.bet9ja.com,
https://www.wellsfargo.com,
https://www.spotscenered.info,
https://www.eastday.com,
https://www.nextoptim.com,
https://www.youporn.com,
https://www.gfycat.com,
https://www.weather.com,
https://www.hulu.com,
https://www.onoticioso.com,
https://www.bilibili.com,
https://www.speedtest.net,
https://www.ikea.com,
https://www.bp.blogspot.com,
https://www.slack.com,
https://www.bukalapak.com,
https://www.caijing.com.cn,
https://www.yts.am,
https://www.google.ie,
https://www.newstrend.news,
https://www.abs-cbn.com,
https://www.forbes.com,
https://www.people.com.cn,
https://www.indiatimes.com,
https://www.amazon.es,
https://www.9gag.com,
https://www.google.dk,
https://www.upornia.com,
https://www.kinopoisk.ru,
https://www.huanqiu.com,
https://www.youm7.com,
https://www.medium.com,
https://www.zillow.com,
https://www.tripadvisor.com,
https://www.gamepedia.com,
https://www.scribd.com,
https://www.breitbart.com,
https://www.wikimedia.org,
https://www.dkn.tv,
https://www.kakaku.com,
https://www.rambler.ru,
https://www.bittrex.com,
https://www.sabah.com.tr,
https://www.ebay-kleinanzeigen.de,
https://www.foxnews.com,
https://www.codeonclick.com,
https://www.trello.com,
https://www.hclips.com,
https://www.wetransfer.com,
https://www.intuit.com,
https://www.google.dz,
https://www.livejournal.com,
https://www.liputan6.com,
https://www.google.fi,
https://www.google.hu,
https://www.leboncoin.fr,
https://www.genius.com,
https://www.bestbuy.com,
https://www.telegram.org,
https://www.files.wordpress.com,
https://www.archive.org,
https://www.aliyun.com,
https://www.mmoframes.com,
https://www.amazon.cn,
https://www.amazon.ca,
https://www.huffingtonpost.com,
https://www.google.co.il,
https://www.researchgate.net,
https://www.gmx.net,
https://www.ltn.com.tw,
https://www.popcash.net,
https://www.aol.com,
https://www.irctc.co.in,
https://www.allegro.pl,
https://www.h8vzwpv.com,
https://www.goodreads.com,
https://www.shutterstock.com,
https://www.thesaurus.com,
https://www.zippyshare.com,
https://www.nownews.com,
https://www.ameblo.jp,
https://www.web.de,
https://www.udemy.com,
https://www.cnblogs.com,
https://www.google.sk,
https://www.bitauto.com,
https://www.sberbank.ru,
https://www.digikala.com,
https://www.battle.net,
https://www.duckduckgo.com,
https://www.rutracker.org,
https://www.rumble.com,
https://www.airbnb.com,
https://www.gamefaqs.com,
https://www.businessinsider.com,
https://www.ign.com,
https://www.xfinity.com,
https://www.daum.net,
https://www.velocecdn.com,
https://www.freepik.com,
https://www.higheurest.com,
https://www.outbrain.com,
https://www.rednet.cn,
https://www.setn.com,
https://www.cricbuzz.com,
https://www.livedoor.jp,
https://www.myway.com,
https://www.ci123.com,
https://www.hola.com,
https://www.ouo.io,
https://www.google.kz,
https://www.sourceforge.net,
https://www.canva.com,
https://www.1337x.to,
https://www.youdao.com,
https://www.reverso.net,
https://www.hp.com,
https://www.accuweather.com,
https://www.wordreference.com,
https://www.usps.com,
https://www.varzesh3.com,
https://www.orange.fr,
https://www.haber7.com,
https://www.sciencedirect.com,
https://www.subject.tmall.com,
https://www.bestadbid.com,
https://www.flickr.com,
https://www.skype.com,
https://www.zendesk.com,
https://www.iqiyi.com,
https://www.livedoor.com,
https://www.userapi.com,
https://www.weebly.com,
https://www.icloud.com,
https://www.target.com,
https://www.ntd.tv,
https://www.ndtv.com,
https://www.momoshop.com.tw,
https://www.feedly.com,
https://www.asos.com,
https://www.123movieshub.to,
https://www.instructure.com,
https://www.doublepimp.com,
https://www.siteadvisor.com,
https://www.rt.com,
https://www.adf.ly,
https://www.rarbg.to,
https://www.olx.ua,
https://www.ouedkniss.com,
https://www.espncricinfo.com,
https://www.banvenez.com,
https://www.mailchimp.com,
https://www.rottentomatoes.com,
https://www.utorrent.com,
https://www.uptodown.com,
https://www.kaskus.co.id,
https://www.office365.com,
https://www.ups.com,
https://www.line.me,
https://www.americanexpress.com,
https://www.kissanime.ru,
https://www.capitalone.com,
https://www.mercadolibre.com.ar,
https://www.iqoption.com,
https://www.blogspot.com.br,
https://www.subscene.com,
https://www.onet.pl,
https://www.163.com,
https://www.banggood.com,
https://www.uzone.id,
https://www.samsung.com,
https://www.ensonhaber.com,
https://www.go.com,
https://www.wish.com,
https://www.google.com.kw,
https://www.perfecttoolmedia.com,
https://www.wp.pl,
https://www.wittyfeed.com,
https://www.playstation.com,
https://www.hdfcbank.com,
https://www.patreon.com,
https://www.gismeteo.ru,
https://www.eskimi.com,
https://www.oracle.com,
https://www.dell.com,
https://www.glassdoor.com,
https://www.t-online.de,
https://www.theverge.com,
https://www.giphy.com,
https://www.slickdeals.net,
https://www.friv.com,
https://www.sabq.org,
https://www.myanimelist.net,
https://www.m73lae5cpmgrv38.com,
https://www.buzzadnetwork.com,
https://www.seasonvar.ru,
https://www.vtv.vn,
https://www.doublepimpssl.com,
https://www.tradingview.com,
https://www.blpmovies.com,
https://www.ultimate-guitar.com,
https://www.beeg.com,
https://www.pipeschannels.com,
https://www.taleo.net,
https://www.homedepot.com,
https://www.mercadolibre.com.mx,
https://www.free.fr,
https://www.telegraph.co.uk,
https://www.elpais.com,
https://www.google.co.nz,
https://www.behance.net,
https://www.wix.com,
https://www.blackboard.com,
https://www.fedex.com,
https://www.okdiario.com,
https://www.pixabay.com,
https://www.dmm.co.jp,
https://www.yadi.sk,
https://www.usatoday.com,
https://www.ebay.com.au,
https://www.bloomberg.com,
https://www.uidai.gov.in,
https://www.google.lk,
https://www.taboola.com,
https://www.seznam.cz,
https://www.marca.com,
https://www.taringa.net,
https://www.informationvine.com,
https://www.crunchyroll.com,
https://www.kapanlagi.com,
https://www.wordpress.org,
https://www.mi.com,
https://www.media.tumblr.com,
https://www.google.bg,
https://www.merdeka.com,
https://www.independent.co.uk,
https://www.flvto.biz,
https://www.fiverr.com,
https://www.rediff.com,
https://www.v3rjvtt.com,
https://www.alicdn.com,
https://www.patch.com,
https://www.repubblica.it,
https://www.17ok.com,
https://www.ajkzd9h.com,
https://www.bldaily.com,
https://www.atlassian.net,
https://www.lie2anyone.com,
https://www.ebay.it,
https://www.onedio.com,
https://www.kooora.com,
https://www.evernote.com,
https://www.gizmodo.com,
https://www.billdesk.com,
https://www.spiegel.de,
https://www.hotstar.com,
https://www.asus.com,
https://www.digitaldsp.com,
https://www.dictionary.com,
https://www.pikabu.ru,
https://www.k618.cn,
https://www.jrj.com.cn,
https://www.discogs.com,
https://www.citi.com,
https://www.adp.com,
https://www.thepennyhoarder.com,
https://www.nextlnk1.com,
https://www.wowhead.com,
https://www.wiktionary.org,
https://www.ytimg.com,
https://www.thebalance.com,
https://www.box.com,
https://www.primevideo.com,
https://www.oload.stream,
https://www.nike.com,
https://www.newegg.com,
https://www.naver.jp,
https://www.albawabhnews.com,
https://www.webmd.com,
https://www.appledaily.com,
https://www.google.by,
https://www.olx.pl,
https://www.convert2mp3.net,
https://www.goo.ne.jp,
https://www.cambridge.org,
https://www.manoramaonline.com,
https://www.zoho.com,
https://www.biobiochile.cl,
https://www.ptt.cc,
https://www.xda-developers.com,
https://www.lifedaily.com,
https://www.leagueoflegends.com,
https://www.bles.com,
https://www.chip.de,
https://www.libero.it,
https://www.ibm.com,
https://www.brilio.net,
https://www.fidelity.com,
https://www.51sole.com,
https://www.suning.com,
https://www.okta.com,
https://www.nfl.com,
https://www.t.me,
https://www.pandora.com,
https://www.cnbc.com,
https://www.hdzog.com,
https://www.mit.edu,
https://www.icicibank.com,
https://www.list-manage.com,
https://www.jawabkom.com,
https://www.nba.com,
https://www.patria.org.ve,
https://www.rolloid.net,
https://www.ria.ru,
https://www.urbandictionary.com,
https://www.wsj.com,
https://www.sex.com,
https://www.sahibinden.com,
https://www.wixsite.com,
https://www.lazada.co.id,
https://www.themeforest.net,
https://www.blog.jp,
https://www.springer.com,
https://www.vporn.com,
https://www.cryptopia.co.nz,
https://www.shaparak.ir,
https://www.thewhizmarketing.com,
https://www.bandcamp.com,
https://www.upwork.com,
https://www.kinogo.cc,
https://www.google.com.do,
https://www.sindonews.com,
https://www.naukri.com,
https://www.poloniex.com,
https://www.jianshu.com,
https://www.namnak.com,
https://www.gdax.com,
https://www.google.com.ly,
https://www.shopify.com,
https://www.addthis.com,
https://www.idntimes.com,
https://www.primosearch.com,
https://www.shiltirs.com,
https://www.drom.ru,
https://www.wattpad.com,
https://www.linkshrink.net,
https://www.filehippo.com,
https://www.tube8.com,
https://www.google.com.mm,
https://www.theepochtimes.com,
https://www.wiley.com,
https://www.ck101.com,
https://www.hubspot.com,
https://www.hm.com,
https://www.reundcwkqvctq.com,
https://www.investing.com,
https://www.lifehacker.com,
https://www.weblio.jp,
https://www.yourporn.sexy,
https://www.piet2eix3l.com,
https://www.investopedia.com,
https://www.bild.de,
https://www.humblebundle.com,
https://www.lapatilla.com,
https://www.hurriyet.com.tr,
https://www.baike.com,
https://www.elfagr.com,
https://www.ieee.org,
https://www.engadget.com,
https://www.souq.com,
https://www.fromdoctopdf.com,
https://www.umblr.com,
https://www.gyazo.com,
https://www.livescore.com,
https://www.bet365.com,
https://www.emol.com,
https://www.wunderground.com,
https://www.pantip.com,
https://www.xe.com,
https://www.4shared.com,
https://www.goal.com,
https://www.google.rs,
https://www.vidio.com,
https://www.moneycontrol.com,
https://www.inquirer.net,
https://www.addroplet.com,
https://www.paytm.com,
https://www.groupon.com,
https://www.stockstar.com,
https://www.google.hr,
https://www.express.co.uk,
https://www.fwbntw.com,
https://www.rarbg.is,
https://www.telewebion.com,
https://www.java.com,
https://www.grid.id,
https://www.debate.com.mx,
https://www.wp.com,
https://www.animeflv.net,
https://www.att.com,
https://www.torrentz2.eu,
https://www.nmisr.com,
https://www.cnzz.com,
https://www.olx.com.br,
https://www.newtabtv.com,
https://www.reuters.com,
https://www.voc.com.cn,
https://www.adhoc2.net,
https://www.kumparan.com,
https://www.squarespace.com,
https://www.blogspot.com.es,
https://www.xx1.me,
https://www.chinadaily.com.cn,
https://www.coursera.org,
https://www.nur.kz,
https://www.reallifecam.com,
https://www.nocookie.net,
https://www.drive2.ru,
https://www.as.com,
https://www.sarkariresult.com,
https://www.dmm.com,
https://www.cdiscount.com,
https://www.zoom.us,
https://www.nextlnk2.com,
https://www.epochtimes.com,
https://www.caliente.mx,
https://www.readms.net,
https://www.comcast.net,
https://www.hatena.ne.jp,
https://www.rutube.ru,
https://www.bleacherreport.com,
https://www.digitalprivacyalert.org,
https://www.tutorialspoint.com,
https://www.ebc.net.tw,
https://www.uploaded.net,
https://www.elmundo.es,
https://www.getpocket.com,
https://www.kissasian.ch,
https://www.npr.org,
https://www.intel.com,
https://www.japanpost.jp,
https://www.expedia.com,
https://www.gsmarena.com,
https://www.givemesport.com,
https://www.jsmentry.com,
https://www.gogoanime.io,
https://www.gamer.com.tw,
https://www.epicgames.com,
https://www.zhanqi.tv,
https://www.y8.com,
https://www.mercadolibre.com.ve,
https://www.intactoffers.club,
https://www.bitmedianetwork.com,
https://www.beytoote.com,
https://www.lifewire.com,
https://www.thefreedictionary.com,
https://www.hotels.com,
https://www.discover.com,
https://www.quizlet.com,
https://www.thehill.com,
https://www.op.gg,
https://www.uptobox.com,
https://www.asana.com,
https://www.macys.com,
https://www.lenta.ru,
https://www.kizlarsoruyor.com,
https://www.kinokrad.co,
https://www.mysearch.com,
https://www.videodownloadconverter.com,
https://www.yandex.ua,
https://www.academia.edu,
https://www.hashflare.io,
https://www.kickstarter.com,
https://www.knowyourmeme.com,
https://www.surveymonkey.com,
https://www.nordstrom.com,
https://www.qingdaonews.com,
https://www.prothomalo.com,
https://www.zone-telechargement1.com,
https://www.blogspot.mx,
https://www.thesun.co.uk,
https://www.eyny.com,
https://www.gmarket.co.kr,
https://www.ivi.ru,
https://www.gamespot.com,
https://www.southwest.com,
https://www.eanswers.com,
https://www.torrent9.bz,
https://www.etherscan.io,
https://www.verizonwireless.com,
https://www.lenovo.com,
https://www.khanacademy.org,
https://www.rapidgator.net,
https://www.bancodevenezuela.com,
https://www.mellowads.com,
https://www.doorblog.jp,
https://www.ca.gov,
https://www.timeanddate.com,
https://www.www.gov.uk,
https://www.zapmeta.ws,
https://www.tistory.com,
https://www.interia.pl,
https://www.google.com.ec,
https://www.nypost.com,
https://www.drudgereport.com,
https://www.myfreecams.com,
https://www.pchome.com.tw,
https://www.infusionsoft.com,
https://www.hespress.com,
https://www.bitcointalk.org,
https://www.disqus.com,
https://www.corriere.it,
https://www.conservativetribune.com,
https://www.offergold.online,
https://www.el-nacional.com,
https://www.kijiji.ca,
https://www.cqnews.net,
https://www.premierleague.com,
https://www.popmyads.com,
https://www.kucoin.com,
https://www.yenisafak.com,
https://www.jw.org,
https://www.norton.com,
https://www.blueseek.com,
https://www.adexchangecloud.com,
https://www.easypdfcombine.com,
https://www.google.tn,
https://www.0123movies.com,
https://www.techcrunch.com,
https://www.lemonde.fr,
https://www.divar.ir,
https://www.dailycaller.com,
https://www.artstation.com,
https://www.autodesk.com,
https://www.fbsbx.com,
https://www.104.com.tw,
https://www.mobafire.com,
https://www.cdstm.cn,
https://www.hatenablog.com,
https://www.zara.com,
https://www.vnexpress.net,
https://www.coingecko.com,
https://www.milliyet.com.tr,
https://www.39.net,
https://www.yaplakal.com,
https://www.eventbrite.com,
https://www.rbc.ru,
https://www.elmogaz.com,
https://www.flirt4free.com,
https://www.1and1.com,
https://www.ecosia.org,
https://www.google.com.my,
https://www.eksisozluk.com,
https://www.tomshardware.com,
https://www.sportbible.com,
https://www.techradar.com,
https://www.cinecalidad.to,
https://www.stanford.edu,
https://www.ccm.net,
https://www.allrecipes.com,
https://www.wtoip.com,
https://www.google.lt,
https://www.douban.com,
https://www.namasha.com,
https://www.time.com,
https://www.ebay.fr,
https://www.deviantart.net,
https://www.duolingo.com,
https://www.motherless.com,
https://www.chinaz.com,
https://www.subito.it,
https://www.python.org,
https://www.google.tm,
https://www.lolsided.com,
https://www.mirror.co.uk,
https://www.tomsguide.com,
https://www.okcupid.com,
https://www.webex.com,
https://www.lefigaro.fr,
https://www.merriam-webster.com,
https://www.ask.fm,
https://www.ssl-images-amazon.com,
https://www.steemit.com,
https://www.youjizz.com,
https://www.grammarly.com,
https://www.mobile01.com,
https://www.badoo.com,
https://www.goo.gl,
https://www.realtor.com,
https://www.nhk.or.jp,
https://www.videoyoum7.com,
https://www.cryptocompare.com,
https://www.tvbs.com.tw,
https://www.ruten.com.tw,
https://www.google.com.gt,
https://www.4pda.ru,
https://www.bhphotovideo.com,
https://www.58.com,
https://www.jeuxvideo.com,
https://www.okezone.com,
https://www.allocine.fr,
https://www.putlockers.fm,
https://www.kayak.com,
https://www.usnews.com,
https://www.sonyliv.com,
https://www.banesconline.com,
https://www.cam4.com,
https://www.elbalad.news,
https://www.urdupoint.com,
https://www.pinterest.co.uk,
https://www.metropoles.com,
https://www.healthline.com,
https://www.fanfiction.net,
https://www.prpops.com,
https://www.smallpdf.com,
https://www.udn.com,
https://www.prezi.com,
https://www.weatherblink.com,
https://www.zaful.com,
https://www.gstatic.com,
https://www.mobile.de,
https://www.theatlantic.com,
https://www.irs.gov,
https://www.tabelog.com,
https://www.caixa.gov.br,
https://www.mathrubhumi.com,
https://www.cbssports.com,
https://www.yy08037.com,
https://www.costco.com,
https://www.discuss.com.hk,
https://www.gotporn.com,
https://www.thewhizproducts.com,
https://www.chron.com,
https://www.lazada.com.my,
https://www.europa.eu,
https://www.5ch.net,
https://www.calcch.com,
https://www.blogfa.com,
https://www.socialblade.com,
https://www.gazetaexpress.com,
https://www.segmentfault.com,
https://www.cbsnews.com,
https://www.cisco.com,
https://www.xtube.com,
https://www.myanmarload.com,
https://www.namu.wiki,
https://www.kotaku.com,
https://www.nametests.com,
https://www.bodybuilding.com,
https://www.myfitnesspal.com,
https://www.ea.com,
https://www.google.si,
https://www.alodokter.com,
https://www.zing.vn,
https://www.freejobalert.com,
https://www.worldoftanks.ru,
https://www.skysports.com,
https://www.boredpanda.com,
https://www.latimes.com,
https://www.liveinternet.ru,
https://www.labanquepostale.fr,
https://www.gosuslugi.ru,
https://www.yandex.kz,
https://www.google.iq,
https://www.chess.com,
https://www.jiameng.com,
https://www.hawaaworld.com,
https://www.meetup.com,
https://www.protect-your-privacy.net,
https://www.americanas.com.br,
https://www.instructables.com,
https://www.xbox.com,
https://www.jimdo.com,
https://www.commentcamarche.net,
https://www.dream.co.id,
https://www.yy08047.com,
https://www.azlyrics.com,
https://www.google.com.af,
https://www.superuser.com,
https://www.harvard.edu,
https://www.agoda.com,
https://www.chatwork.com,
https://www.epwk.com,
https://www.trustpilot.com,
https://www.17track.net,
https://www.coindesk.com,
https://www.ninisite.com,
https://www.news.com.au,
https://www.waudeesestew.com,
https://www.delta.com,
https://www.lazada.co.th,
https://www.nature.com,
https://www.td.com,
https://www.dwatchseries.to,
https://www.chaoshi.tmall.com,
https://www.selectedvideos.club,
https://www.cimaclub.com,
https://www.indiamart.com,
https://www.kraken.com,
https://www.blibli.com,
https://www.lowes.com,
https://www.secureserver.net,
https://www.ticketmaster.com,
https://www.hicpm5.com,
https://www.avast.com,
https://www.voot.com,
https://www.android.com,
https://www.mileroticos.com,
https://www.nbcnews.com,
https://www.sputniknews.com,
https://www.myntra.com,
https://www.lazada.com.ph,
https://www.reimageplus.com,
https://www.buyma.com,
https://www.worldstarhiphop.com,
https://www.avg.com,
https://www.issuu.com,
https://www.sinoptik.ua,
https://www.voirfilms.ws,
https://www.donga.com,
https://www.bookmyshow.com,
https://www.turbobit.net,
https://www.mercari.com,
https://www.impress.co.jp,
https://www.blockchain.info,
https://www.mp3teca.com,
https://www.dianping.com,
https://www.egy.best,
https://www.hitbtc.com,
https://www.usaa.com,
https://www.vseigru.net,
https://www.elsevier.com,
https://www.kakao.com,
https://www.wayfair.com,
https://www.imagetwist.com,
https://www.familydoctor.com.cn,
https://www.westernjournal.com,
https://www.dafont.com,
https://www.meb.gov.tr,
https://www.livestrong.com,
https://www.bitconnect.co,
https://www.tempo.co,
https://www.bitly.com,
https://www.sapo.pt,
https://www.nikkei.com,
https://www.cbc.ca,
https://www.searchtuner.com,
https://www.pcgamer.com,
https://www.howtogeek.com,
https://www.prnt.sc,
https://www.food.tmall.com,
https://www.shink.me,
https://www.polygon.com,
https://www.mathworks.com,
https://www.pornpics.com,
https://www.psu.edu,
https://www.hamariweb.com,
https://www.ebay.in,
https://www.streamable.com,
https://www.plex.tv,
https://www.1tv.ru,
https://www.bitbucket.org,
https://www.internetdownloadmanager.com,
https://www.idnes.cz,
https://www.freebitco.in,
https://www.vidzi.tv,
https://www.focus.de,
https://www.makemytrip.com,
https://www.arxiv.org,
https://www.v2ex.com,
https://www.politico.com,
https://www.pastebin.com,
https://www.yespornplease.com,
https://www.olx.in,
https://www.liveleak.com,
https://www.g2a.com,
https://www.cdninstagram.com,
https://www.biblegateway.com,
https://www.3sk.tv,
https://www.ancestry.com,
https://www.custhelp.com,
https://www.zougla.gr,
https://www.solarmoviez.ru,
https://www.11st.co.kr,
https://www.mawdoo3.com,
https://www.visualstudio.com,
https://www.hitomi.la,
https://www.2ch.net,
